_unit_id,_golden,_unit_state,_trusted_judgments,_last_judgment_at,source,type_of_advice_or_caution,type_of_advice_or_caution:confidence,what,when,where,category,source_gold,text_no_rt,tweet,type,type_of_advice_or_caution_gold,user,what_gold,when_gold,where_gold,address2,point,latitude,longitude
227175857,True,golden,8,12/8/2012 19:09:26,,A hurricane sighting has been reported,0.7629,Storm just now hitting Jersey All bridges closing in NYC & Jersey All bridges closing Storm All bridges closing in NYC & Jersey Storm just now hitting Jersey Storm just now hitting Jersey Storm just now hitting,now now just now n/a N/A now now just now,Jersey City ,Informative (Direct or Indirect),,Storm just now hitting Jersey...Milford is feeling it big time. All bridges closing in NYC & Jersey. Wow... #sandy,Storm just now hitting Jersey...Milford is feeling it big time. All bridges closing in NYC & Jersey. Wow... #sandy,Caution and advice,A hurricane sighting has been reported,beball,hitting Jersey All bridges closing in NYC & Jersey Storm just now hitting Jersey Storm,now,NYC Jersey Jersey NYC & Jersey,"Jersey City, Hudson County, New Jersey, United States","40.7215682, -74.047455",40.7215682,-74.047455
227175857,True,golden,8,12/8/2012 19:09:26,,A hurricane sighting has been reported,0.7629,Storm just now hitting Jersey All bridges closing in NYC & Jersey All bridges closing Storm All bridges closing in NYC & Jersey Storm just now hitting Jersey Storm just now hitting Jersey Storm just now hitting,now now just now n/a N/A now now just now,Milford ,Informative (Direct or Indirect),,Storm just now hitting Jersey...Milford is feeling it big time. All bridges closing in NYC & Jersey. Wow... #sandy,Storm just now hitting Jersey...Milford is feeling it big time. All bridges closing in NYC & Jersey. Wow... #sandy,Caution and advice,A hurricane sighting has been reported,beball,hitting Jersey All bridges closing in NYC & Jersey Storm just now hitting Jersey Storm,now,NYC Jersey Jersey NYC & Jersey,"Milford, New Haven County, Connecticut, United States","41.2222218, -73.0570603",41.2222218,-73.0570603
227175857,True,golden,8,12/8/2012 19:09:26,,A hurricane sighting has been reported,0.7629,Storm just now hitting Jersey All bridges closing in NYC & Jersey All bridges closing Storm All bridges closing in NYC & Jersey Storm just now hitting Jersey Storm just now hitting Jersey Storm just now hitting,now now just now n/a N/A now now just now,New York ,Informative (Direct or Indirect),,Storm just now hitting Jersey...Milford is feeling it big time. All bridges closing in NYC & Jersey. Wow... #sandy,Storm just now hitting Jersey...Milford is feeling it big time. All bridges closing in NYC & Jersey. Wow... #sandy,Caution and advice,A hurricane sighting has been reported,beball,hitting Jersey All bridges closing in NYC & Jersey Storm just now hitting Jersey Storm,now,NYC Jersey Jersey NYC & Jersey,"City of New York, New York, United States","40.7127281, -74.0060152",40.7127281,-74.0060152
227175859,False,golden,1,11/25/2012 17:31:06,,Other,1.0,Hurricane Sandy is going to fill the subways with water,,New York ,Informative (Direct or Indirect),,Hurricane Sandy is going to fill the subways with water. There will literally be giant underground rivers running beneath NYC. #HolyShit,RT @JessieWessie33: Hurricane Sandy is going to fill the subways with water. There will literally be giant underground rivers running beneath NYC. #HolyShit,Caution and advice,Other,britthanus, fill the subways with water,,NYC,"City of New York, New York, United States","40.7127281, -74.0060152",40.7127281,-74.0060152
227175860,True,golden,34,12/10/2012 06:05:12,,A hurricane sighting has been reported,0.7427,NYC is now impacted by hurricane impacted hurricane #Sandy impacted by hurricane hurricane #Sandy hurricane impacted by hurricane impacted by hurricane NYC is now impacted by hurricane NYC is now impacted by hurricane NYC is now impacted by hurricane NYC is now impacted by hurricane NYC is now impacted by hurricane NYC is now impacted by hurricane NYC is now impacted hurricane hurricane #Sandy NYC is now impacted by hurricane impacted by hurricane impacted by hurricane hurricane NYC is now impacted by hurricane NYC is now impacted by hurricane hurricane hurricane NYC is now impacted by hurricane NYC is now impacted by hurricane NYC is now impacted by hurricane NYC is now impacted by hurricane hurricane #Sandy impacted by hurricane Omg NYC is now impacted by hurricane impacted by hurricane NYC is now impacted by hurricane,"now now  now n/a n/a N/A now  now now now now now  now N/A ""N/A""  now  now now n/a now now  N/A now now n/a  now N/A",New York ,Informative (Direct or Indirect),,Omg NYC is now impacted by hurricane #Sandy,Omg NYC is now impacted by hurricane #Sandy,Caution and advice,A hurricane sighting has been reported,BuniYani,Impacted NYC is now impacted by hurricane impacted by hurricane hurricane,Now,NYC NYC,"City of New York, New York, United States","40.7127281, -74.0060152",40.7127281,-74.0060152
227175862,True,golden,31,12/10/2012 06:08:53,,Other,0.9531,stock market closing stock market closing for bad weather stock market closing stock market closing stock market closing stock market closing for bad weather stock market closing stock market closing stock market closing stock market closing stock market closing stock market closing stock market closing stock market closing stock market closing stock market closing for bad weather stock market closing for bad weather bad weather #sandy closing stock market closing stock market closing for bad weather First time since 1888 stock market closing for bad weather stock market closing for bad weather First time since 1888 stock market closing for bad weather stock market closing for bad weather stock market closing stock market closing stock market closing stock market closing for bad weather stock market closing First time since 1888 stock market closing for bad weather,n/a  na N/A N/A  1988   N/A  N/A since 1888 since 1888 n/a First time since 1888 First time since 1888 N/a na n/a  N/A N/A N/A N/A  N/A N/A First time since 1888 since 1888 N/A,Nan ,Informative (Direct or Indirect),,First time since 1888 stock market closing for bad weather #Sandy,First time since 1888 stock market closing for bad weather #Sandy,Caution and advice,Other,feverplay_xo,stock market closing stock market closing for bad weather stock market closing First time since 1888 stock market closing for bad weather bad weather,N/A n/a,N/A n/a,"Nanno, Ville d'Anaunia, Comunità della Val di Non, Provincia di Trento, Trentino-Alto Adige/Südtirol, 38093, Italia","46.3144754, 11.0480288",46.3144754,11.0480288
227175867,False,golden,1,11/25/2012 17:24:06,,A hurricane sighting has been reported,1.0,Hurricane Sandy,,New York ,Informative (Direct or Indirect),,Hurricane Sandy or else Frankestorm heading toward NYC ,RT @KateNinaA: Hurricane Sandy or else Frankestorm heading toward NYC ,Caution and advice,A hurricane sighting has been reported Other,LuciiAgudo,Hurricane Sandy or else Frankestorm,,heading toward NYC,"City of New York, New York, United States","40.7127281, -74.0060152",40.7127281,-74.0060152
227175868,False,golden,1,11/25/2012 17:17:44,,Other,1.0,NYC closing bridges and tunnels,at 7pm,New York ,Informative (Direct or Indirect),,NYC closing bridges and tunnels at 7pm #Sandy,NYC closing bridges and tunnels at 7pm #Sandy,Caution and advice,Other,MikeBeam,NYC closing bridges and tunnels,at 7pm,,"City of New York, New York, United States","40.7127281, -74.0060152",40.7127281,-74.0060152
227175869,True,golden,22,12/10/2012 06:12:57,,Other,1.0,water coming out of your faucet water water coming out of your faucet If you have water coming out of your faucet it is safe to drink If you have water coming out of your faucet it is safe to drink water coming out of your faucet If you have water coming out of your faucet it is safe to drink water coming out of your faucet water coming out of your faucet it is safe to drink If you have water coming out of your faucet it is safe to drink safe water safe water it is safe to drink If you have water coming out of your faucet it is safe to drink If you have water coming out water coming out of your faucet water coming out of your faucet water coming out of your faucet it is safe to drink If you have water coming out of your faucet it is safe to drink water coming out of your faucet water coming out of your faucet water coming out of your faucet it is safe to drink,na n/a N/A N/A   N/A N/A   n/a n/a na N/A N/A  N/A n/a    N/A,Nan ,Informative (Direct or Indirect),,If you have water coming out of your faucet it is safe to drink. #Sandy,RT @NYCMayorsOffice: If you have water coming out of your faucet it is safe to drink. #Sandy,Caution and advice,Other,nathancreitz,water coming out of your faucet,,,"Nanno, Ville d'Anaunia, Comunità della Val di Non, Provincia di Trento, Trentino-Alto Adige/Südtirol, 38093, Italia","46.3144754, 11.0480288",46.3144754,11.0480288
227175874,False,golden,1,11/25/2012 17:24:06,,Other,1.0,Find open pharmacies,,New York ,Informative (Direct or Indirect),@RxResponse @WPIX #PSRT #MedsInDisaster,Find open pharmacies after #Frankenstorm #Sandy in the NYC area @RxResponse @WPIX #PSRT #MedsInDisaster,Find open pharmacies after #Frankenstorm #Sandy in the NYC area @RxResponse @WPIX #PSRT #MedsInDisaster,Caution and advice,Other,RxResponse,open pharmacies Find open pharmacies pharmacies Find open pharmacies after #Frankenstorm #Sandy in the NYC area Sandy,after #Frankenstorm #Sandy,in the NYC area NYC in the NYC area the NYC area,"City of New York, New York, United States","40.7127281, -74.0060152",40.7127281,-74.0060152
227175880,True,golden,93,12/10/2012 14:47:51,,A hurricane sighting has been reported,0.918,sandy sandy has hit sandy sandy sandy sandy hit stourport sandy has hit sandy has hit stourport sandy has hit stourport sandy has hit stourport sandy has hit stourport sandy has hit stourport looks like sandy has hit sandy has hit sandy sandy sandy has hit sandy has hit sandy has hit sandy has hit sandy has hit sandy has hit sandy has hit sandy has hit stourport sandy has hit stourport sandy has hit stourport sandy has hit stourport sandy has hit stourport sandy has hit stourport sandy has hit stourport sandy has hit stourport sandy has hit stourport sandy sandy has hit stourport sandy has hit stourport sandy has hit stourport sandy has hit stourport sandy has hit stourport sandy has hit stourport sandy has hit stourport sandy has hit stourport sandy has hit stourport sandy sandy Sandy has hit sandy has hit sandy has hit looks like sandy has hit stourport! sandy has hit stourport! sandy sandy sandy sandy has hit sandy has hit sandy has hit sandy has hit sandy has hit sandy has hit sandy has hit sandy has hit sandy has hit sandy has hit sandy has hit sandy has hit sandy has hit sandy has hit sandy has hit sandy has hit sandy has hit sandy has hit sandy has hit sandy has hit sandy has hit sandy has hit sandy has hit sandy has hit sandy has hit sandy has hit sandy has hit looks like sandy has hit stourport! sandy has hit stourport! sandy has hit stourport! sandy has hit stourport sandy has hit stourport sandy has hit sandy has hit sandy has hit sandy has hit sandy has hit sandy has hit sandy has hit sandy has hit," n/a  na n/a n/a N/A N/A   N/A N/A N/A    N/A N/A N/A N/A N/A N/A N/A N/A N/A N/A N/A N/A N/A N/A N/A N/A  N/A  ""N/A""   n/a   n/a n/a n/a n/a N/a na n/a  N/A  N/A N/A n/a n/a n/a n/a n/a n/a n/a n/a n/a n/a n/a n/a n/a n/a n/a n/a n/a n/a n/a n/a n/a n/a n/a n/a n/a n/a n/a    N/A N/A N/A n/A n/A n/A n/A n/A n/A n/A",Nan ,Informative (Direct or Indirect),"N/A ""N/A"" n/a",looks like sandy has hit stourport!,looks like sandy has hit stourport!,Caution and advice,A hurricane sighting has been reported,kathsandford, sandy has hit  sandy sandy has hit stourport sandy has hit danger sandy sandy looks like sandy has hit stourport!,"N/A ""N/A"" n/a",stourport stourport,"Nanno, Ville d'Anaunia, Comunità della Val di Non, Provincia di Trento, Trentino-Alto Adige/Südtirol, 38093, Italia","46.3144754, 11.0480288",46.3144754,11.0480288
227175881,True,golden,29,12/10/2012 06:05:12,Bloomberg,Other,0.9684,"Public transportation closed until further notice Public transportation closed until further notice Public transportation closed until further notice Public transportation closed until further notice Public transportation closed Public transportation closed until further notice Public transportation closed until further notice Public transportation closed Public transportation closed Public transportation closed Public transportation closed until further notice. Public transportation closed until further notice Public transportation closed Public transportation closed until further notice Public transportation closed Public transportation closed NYC subway tunnels flooded. Air runways flooded at airport Public transportation closed Public transportation closed Public transportation closed Public transportation closed Public transportation closed until further notice. ""Public transportation closed until further notice."" Some NYC subway tunnels flooded. Air runways flooded at airport. Public transportation closed Public transportation closed Public transportation closed until further notice flooded Public transportation closed Some NYC subway tunnels flooded. Air runways flooded at airport",until further notice until further notice  n/a N/A until further notice N/A  until further notice until further notice   until further notice   until further notice until further notice until further notice until further notice Until further notice until further notice  N/A N/A until further notice until further notice until further notice  N/A,New York ,Informative (Direct),Bloomberg,"Bloomberg: ""Public transportation closed until further notice."" Some NYC subway tunnels flooded. Air runways flooded at airport. #Sandy","RT @xeni: Bloomberg: ""Public transportation closed until further notice."" Some NYC subway tunnels flooded. Air runways flooded at airport. #Sandy",Caution and advice,A hurricane sighting has been reported Other,celestemc,Public transportation closed / NYC subway tunnels flooded. Air runways flooded  Public transportation closed until further notice Public transportation closed Some NYC subway tunnels flooded,until further notice. until further notice,NYC / at airport NYC,"City of New York, New York, United States","40.7127281, -74.0060152",40.7127281,-74.0060152
227175882,True,golden,29,12/10/2012 06:08:53,,Other,0.9688,lights go out If your lights go out lights go out lights go out If your lights go out If your lights go out in Toronto it will take a couple hours to a couple of days to restore If your lights go out If your lights go out If your lights go out lights go out If your lights go out in Toronto it will take a couple hours to a couple of days to restore lights go out If your lights go out lights go out If your lights go out your lights go out If your lights go out If your lights go out in Toronto it will take a couple of days to restore them If your lights go out If your lights go out If your lights go out in Toronto it will take a couple hours to a couple of days to restore If your lights go out If your lights go out If your lights go out lights go out If your lights go out lights go out If your lights go out If your lights go out in Toronto it will take a couple hours to a couple of days to restore,n/a n/a n/a n/a couple hours to a couple of days  N/A  couple of days to restore couple of days   a couple hours to a couple of days couple of days couple hours to a couple of days  N/A A couple of days a couple hours to a couple of days a couple hours to a couple of days N/A N/A N/A N/A N/A a couple hours to a couple of days a couple of days  N/A,Toronto ,Informative (Direct),,If your lights go out in Toronto it will take a couple hours to a couple of days to restore. #Sandy,"RT @clickflickca: ""If your lights go out in Toronto it will take a couple hours to a couple of days to restore."" #Sandy",Caution and advice,Other,commoncentsmom,If your lights go out,,Toronto,"Old Toronto, Toronto, Golden Horseshoe, Ontario, Canada","43.6534817, -79.3839347",43.6534817,-79.3839347
227175883,True,golden,30,12/10/2012 06:08:53,FEMA,A shelter is open or available,0.925,search for open shelters search for open shelters search for open shelters search for open shelters search for open shelters by texting East coast search for open shelters search for open shelters by texting East coast search for open shelters by texting open shelters search for open shelters search for open shelters by texting: SHELTER + a zip code to 43362 (4FEMA) search for open shelters search for open shelters search for open shelters by texting search for open shelters search for open shelters search for open shelters Search for open shelters by texting search for open shelters by texting: SHELTER + a zip code to 43362 (4FEMA). search for open shelters search for open shelters open shelters search for open shelters search for open shelters search for open shelters search for open shelters by texting East coast search for open shelters open shelters search for open shelters search for open shelters,  n/a n/a N/A N/A      N/A     n/a Na N/A N/A N/A  N/A N/A n/a n/a   N/A N/A,East Coast America ,Informative (Direct),"N/A ""N/A""",#Sandy East coast search for open shelters by texting: SHELTER + a zip code to 43362 (4FEMA). Ex: Shelter 01234 (std rates apply),RT @fema: #Sandy East coast search for open shelters by texting: SHELTER + a zip code to 43362 (4FEMA). Ex: Shelter 01234 (std rates apply),Caution and advice,A shelter is open or available,cubedreamer,search for open shelters  search for open shelters open shelters East coast search for open shelters by texting Sandy East coast search for open shelters,"N/A ""N/A"" n/a",East coast East coast Sandy East coast #Sandy East coast east cost East coast,"Bank of America, 21, Palm Coast Parkway East, Palm Coast, Flagler County, Florida, 32164, United States","29.5500018, -81.2358348782367",29.5500018,-81.2358348782367
227175887,False,finalized,3,12/8/2012 20:37:58,,A hurricane warning has been issued or has been lifted,0.6619,Remain in your homes Remain in your homes while the storm is in progress Remain in your homes,while the storm is in progress while the storm is in progress in progress,New York ,Informative (Direct),,Remain in your homes while the storm is in progress. Stay away from windows:  #Sandy #NYC,RT @MikeBloomberg: Remain in your homes while the storm is in progress. Stay away from windows:  #Sandy #NYC,Caution and advice,,JahEmpress,,,,"City of New York, New York, United States","40.7127281, -74.0060152",40.7127281,-74.0060152
227175888,False,finalized,3,12/8/2012 19:34:10,,Other,1.0,BE SAFE!!! BE SAFE BE SAFE,N/A n/a n/a,New York ,Informative (Direct),,Everyone in NYC and surrounding areas BE SAFE!!! Praying for you all #Sandy,RT @TeamApoloKarina: Everyone in NYC and surrounding areas BE SAFE!!! Praying for you all #Sandy,Caution and advice,,jimmbboe,,,,"City of New York, New York, United States","40.7127281, -74.0060152",40.7127281,-74.0060152
227175889,False,finalized,3,12/8/2012 20:47:20,NewYorkPost,Other,0.6506,empty streets in the concrete jungle New York City never sleeps empty streets in the concrete jungle,N/A N/A n/a,New York ,Informative (Direct),,@NewYorkPost: New York City never sleeps.... #hurricance #sandy #nyc  empty streets in the concrete jungle!,"RT @ArturinAbreu: ""@NewYorkPost: New York City never sleeps.... #hurricance #sandy #nyc "" empty streets in the concrete jungle!",Caution and advice,,luisdessommes,,,,"City of New York, New York, United States","40.7127281, -74.0060152",40.7127281,-74.0060152
227175890,False,finalized,3,12/8/2012 20:53:21,,Other,1.0,phone network overload w/phone network overload or no Internet phone network overload or no Internet can text,N/A N/A n/a,New York ,Informative (Direct),,NYCÃƒÆ’Ã‚Â¤ÃƒÆ’Ã‚Â³Ãƒâ€šÃ‚Â»ers w/phone network overload or no Internet can text QÃƒÆ’Ã‚Â¤ÃƒÆ’Ã‚Â³Ãƒâ€šÃ‚Â»s to 311692 for info or help. #Sandy Please RT,RT @KattHumor: NYCÃƒÆ’Ã‚Â¤ÃƒÆ’Ã‚Â³Ãƒâ€šÃ‚Â»ers w/phone network overload or no Internet can text QÃƒÆ’Ã‚Â¤ÃƒÆ’Ã‚Â³Ãƒâ€šÃ‚Â»s to 311692 for info or help. #Sandy Please RT,Caution and advice,,markustedeschii,,,,"City of New York, New York, United States","40.7127281, -74.0060152",40.7127281,-74.0060152
227175891,False,finalized,3,12/8/2012 20:18:01,,A hurricane sighting has been reported,0.7003,interviewed a storm chaser next 72 hours in NYC especially will be chaos worst storm in 100 years,next 72 hours next 72 hours next 72 hours,New York ,Informative (Direct),,Just interviewed a storm chaser who says this is the worst storm in 100 years. Says the next 72 hours in NYC especially will be chaos #Sandy,Just interviewed a storm chaser who says this is the worst storm in 100 years. Says the next 72 hours in NYC especially will be chaos #Sandy,Caution and advice,,MattJohnstonTV,,,,"City of New York, New York, United States","40.7127281, -74.0060152",40.7127281,-74.0060152
227175892,False,finalized,3,12/8/2012 20:57:21,,Other,1.0,Driving in this is no joke Driving in this is no joke this Driving in this is no joke,N/A N/A n/a,Nan ,Informative (Direct),,Driving in this is no joke this _ÃƒÆ’Ã‚Â´Ãƒâ€šÃ‚Â»Ãƒâ€šÃ¢â‚¬Â  #Sandy,Driving in this is no joke this _ÃƒÆ’Ã‚Â´Ãƒâ€šÃ‚Â»Ãƒâ€šÃ¢â‚¬Â  #Sandy,Caution and advice,,mocha_93,,,,"Nanno, Ville d'Anaunia, Comunità della Val di Non, Provincia di Trento, Trentino-Alto Adige/Südtirol, 38093, Italia","46.3144754, 11.0480288",46.3144754,11.0480288
227175893,False,finalized,3,12/10/2012 14:47:51,,A hurricane sighting has been reported,0.7244,crazy waves & wind crazy waves & wind crazy waves & wind, n/a n/A,New Buffalo ,Informative (Direct),,We've seen some crazy waves & wind here in New Buffalo from Hurricane Sandy. Lost a few cushions & some soffitt... ,We've seen some crazy waves & wind here in New Buffalo from Hurricane Sandy. Lost a few cushions & some soffitt... ,Caution and advice,,NewBuffaloInn,,,,"New Buffalo, Berrien County, Michigan, United States","41.7952562, -86.7444526",41.7952562,-86.7444526
227175894,False,finalized,3,12/10/2012 14:30:43,,Other,1.0,will be closed New Dramatists will be closed New Dramatists will be closed,Tuesday Oct. 30 Tuesday Oct. 30 Tuesday Oct. 30,New Dramatists ,Informative (Direct),,New Dramatists will be closed on Tuesday Oct. 30 due to Hurricane Sandy. Hang in there.,New Dramatists will be closed on Tuesday Oct. 30 due to Hurricane Sandy. Hang in there.,Caution and advice,,NewDramatists,,,,"New Dramatists Theater, 424, West 44th Street, Manhattan Community Board 4, Manhattan, New York County, City of New York, New York, 10036, United States","40.7601215, -73.9929292",40.7601215,-73.9929292
227175895,False,finalized,3,12/8/2012 20:53:21,,A hurricane sighting has been reported,0.7122,wind and rain are starting up wind and rain are starting up wind and rain are starting up,N/A N/A n/a,Nan ,Informative (Direct),,wind and rain are starting up... SANDY'S COMIN,RT @kristinklementz: wind and rain are starting up... SANDY'S COMIN,Caution and advice,,nicholatrinh,,,,"Nanno, Ville d'Anaunia, Comunità della Val di Non, Provincia di Trento, Trentino-Alto Adige/Südtirol, 38093, Italia","46.3144754, 11.0480288",46.3144754,11.0480288
227175896,False,finalized,3,12/8/2012 20:57:21,,A hurricane sighting has been reported,0.7358,wind's really picking up wind wind's really picking up,N/A n/a n/a,New York ,Informative (Direct),,The wind's really picking up out there ... #sandy #nyc ,RT @CitizenWilliams: The wind's really picking up out there ... #sandy #nyc ,Caution and advice,,philcloh2o,,,,"City of New York, New York, United States","40.7127281, -74.0060152",40.7127281,-74.0060152
227175897,False,finalized,3,12/10/2012 14:34:14,,A hurricane sighting has been reported,0.6647,high wind damn high wind high wind,Now Now Now,Nan ,Informative (Direct),,Now we gotta a damn high wind thanks to that bitch Sandy,Now we gotta a damn high wind thanks to that bitch Sandy,Caution and advice,,SoLowKey1,,,,"Nanno, Ville d'Anaunia, Comunità della Val di Non, Provincia di Trento, Trentino-Alto Adige/Südtirol, 38093, Italia","46.3144754, 11.0480288",46.3144754,11.0480288
227175898,False,finalized,3,12/8/2012 19:09:26,,A hurricane warning has been issued or has been lifted,0.3819,Hurricane Sandy Shelter Find the Hurricane Sandy Shelter Find the Hurricane Sandy Shelter,n/a N/A n/a,Nan ,Informative (Direct),,How to Find the Hurricane Sandy Shelter Closest to You ,RT @inhabitat: How to Find the Hurricane Sandy Shelter Closest to You ,Caution and advice,,SoulNav,,,,"Nanno, Ville d'Anaunia, Comunità della Val di Non, Provincia di Trento, Trentino-Alto Adige/Südtirol, 38093, Italia","46.3144754, 11.0480288",46.3144754,11.0480288
227175899,False,finalized,3,12/8/2012 20:37:58,,A hurricane sighting has been reported,0.7122,Winds howling crazy like a banshee Winds howling crazy like a banshee thru NYC Winds howling crazy like a banshee,N/A N/A today,New York ,Informative (Direct),,Winds howling crazy like a banshee thru NYC - bring it on Hurricane Sandy! (good call for the city govt. to shut everything down today),Winds howling crazy like a banshee thru NYC - bring it on Hurricane Sandy! (good call for the city govt. to shut everything down today),Caution and advice,,SuSohn,,,,"City of New York, New York, United States","40.7127281, -74.0060152",40.7127281,-74.0060152
227175900,False,finalized,3,12/10/2012 14:47:51,,Other,0.6485,Hurricane Sandy coming ashore Starbucks closes all locations Panic  Starbucks closes,N/A n/a n/A,New York ,Informative (Direct),,Panic rules in NYC as Starbucks closes all locations with Hurricane Sandy coming ashore,Panic rules in NYC as Starbucks closes all locations with Hurricane Sandy coming ashore,Caution and advice,,timmyodea,,,,"City of New York, New York, United States","40.7127281, -74.0060152",40.7127281,-74.0060152
227175901,False,finalized,3,12/8/2012 19:34:10,,A hurricane sighting has been reported,1.0,storm is getting closer storm is getting closer storm is getting closer,N/A n/a n/a,Nan ,Informative (Direct),,And so it begins. The storm is getting closer and closer and the wind gets stronger and louder...#sandy,And so it begins. The storm is getting closer and closer and the wind gets stronger and louder...#sandy,Caution and advice,,vickyXlee,,,,"Nanno, Ville d'Anaunia, Comunità della Val di Non, Provincia di Trento, Trentino-Alto Adige/Südtirol, 38093, Italia","46.3144754, 11.0480288",46.3144754,11.0480288
227175902,False,finalized,3,12/10/2012 14:44:08,,A hurricane sighting has been reported,1.0,wind is seriously intense wind is seriously intense wind is seriously intense,right now right now right now,New York ,Informative (Direct),,The wind is seriously intense right now!!! Time to get inside people. I love an adventure for a photo but let's be safe. #sandy #NYC,The wind is seriously intense right now!!! Time to get inside people. I love an adventure for a photo but let's be safe. #sandy #NYC,Caution and advice,,wyattgallery,,,,"City of New York, New York, United States","40.7127281, -74.0060152",40.7127281,-74.0060152
227175903,False,finalized,3,12/8/2012 20:34:51,,A hurricane warning has been issued or has been lifted,0.6506,President Obama declares states of emergency President Obama declares states of emergency in New York and Massachusetts President Obama declares states of emergency,N/A N/A n/a,Massachusetts ,Informative (Indirect),,President Obama declares states of emergency in New York and Massachusetts due to #Hurricane #Sandy. ,RT @cnnbrk: President Obama declares states of emergency in New York and Massachusetts due to #Hurricane #Sandy. ,Caution and advice,,_LetsFlyAway_,,,,"Massachusetts, United States","42.3788774, -72.032366",42.3788774,-72.032366
227175903,False,finalized,3,12/8/2012 20:34:51,,A hurricane warning has been issued or has been lifted,0.6506,President Obama declares states of emergency President Obama declares states of emergency in New York and Massachusetts President Obama declares states of emergency,N/A N/A n/a,New York ,Informative (Indirect),,President Obama declares states of emergency in New York and Massachusetts due to #Hurricane #Sandy. ,RT @cnnbrk: President Obama declares states of emergency in New York and Massachusetts due to #Hurricane #Sandy. ,Caution and advice,,_LetsFlyAway_,,,,"City of New York, New York, United States","40.7127281, -74.0060152",40.7127281,-74.0060152
227175904,False,finalized,3,12/8/2012 19:44:30,ABC News,Other,1.0,Bellevue Hospital Set to Evacuate Bellevue Hospital Set to Evacuate Hospital Set to Evacuate,N/A n/a n/a,Bellevue Hospital Center ,Informative (Indirect),,NYC's Bellevue Hospital Set to Evacuate - ABC News: ABC NewsNYC's Bellevue Hospital Set to EvacuateABC NewsNew Y... ,NYC's Bellevue Hospital Set to Evacuate - ABC News: ABC NewsNYC's Bellevue Hospital Set to EvacuateABC NewsNew Y... ,Caution and advice,,1sthealthnews,,,,"NYC Health + Hospitals/Bellevue, 462, 1st Avenue, Manhattan Community Board 6, Manhattan, New York County, City of New York, New York, 10010, United States","40.73926685, -73.9753335599207",40.73926685,-73.9753335599207
227175906,False,finalized,3,12/8/2012 20:32:02,NBC4,A hurricane warning has been issued or has been lifted,0.7047,Sandy hitting gas peda Sandy hitting gas pedal Sandy hitting gas pedal. Speeding up.,N/A n/a scheduled,Nan ,Informative (Indirect),,NEW INFO: Sandy hitting gas pedal. Speeding up. Earlier collision with shore scheduled. Expect lots of damage.  - NBC4,NEW INFO: Sandy hitting gas pedal. Speeding up. Earlier collision with shore scheduled. Expect lots of damage.  - NBC4,Caution and advice,,AboveAverageA,,,,"Nanno, Ville d'Anaunia, Comunità della Val di Non, Provincia di Trento, Trentino-Alto Adige/Südtirol, 38093, Italia","46.3144754, 11.0480288",46.3144754,11.0480288
227175907,False,finalized,3,12/8/2012 19:00:16,70torinoman caribnews,A hurricane sighting has been reported,1.0,Wind gusts over 60 mph Wind gusts over 60 mph are being reported at Central Park and JFK airport Wind gusts over 60 mph,this hour this hour this hour,John F. Kennedy Airport ,Informative (Indirect),,Wind gusts over 60 mph are being reported at Central Park and JFK airport in #NYC this hour - TWC #Sandy -- @70torinoman (@caribnews),Wind gusts over 60 mph are being reported at Central Park and JFK airport in #NYC this hour - TWC #Sandy -- @70torinoman (@caribnews),Caution and advice,,adri16,,,,"John F. Kennedy International Airport, JFK Access Road, Queens, City of New York, New York, 11430, United States","40.642947899999996, -73.7793733748521",40.642947899999996,-73.7793733748521
227175907,False,finalized,3,12/8/2012 19:00:16,70torinoman caribnews,A hurricane sighting has been reported,1.0,Wind gusts over 60 mph Wind gusts over 60 mph are being reported at Central Park and JFK airport Wind gusts over 60 mph,this hour this hour this hour,Central Park ,Informative (Indirect),,Wind gusts over 60 mph are being reported at Central Park and JFK airport in #NYC this hour - TWC #Sandy -- @70torinoman (@caribnews),Wind gusts over 60 mph are being reported at Central Park and JFK airport in #NYC this hour - TWC #Sandy -- @70torinoman (@caribnews),Caution and advice,,adri16,,,,"Central Park, New York County, City of New York, New York, United States","40.7827725, -73.9653627406542",40.7827725,-73.9653627406542
227175907,False,finalized,3,12/8/2012 19:00:16,70torinoman caribnews,A hurricane sighting has been reported,1.0,Wind gusts over 60 mph Wind gusts over 60 mph are being reported at Central Park and JFK airport Wind gusts over 60 mph,this hour this hour this hour,New York ,Informative (Indirect),,Wind gusts over 60 mph are being reported at Central Park and JFK airport in #NYC this hour - TWC #Sandy -- @70torinoman (@caribnews),Wind gusts over 60 mph are being reported at Central Park and JFK airport in #NYC this hour - TWC #Sandy -- @70torinoman (@caribnews),Caution and advice,,adri16,,,,"City of New York, New York, United States","40.7127281, -74.0060152",40.7127281,-74.0060152
227175910,False,finalized,3,12/10/2012 14:27:10,,Other,1.0,Mayor Michael Bloomberg to hold press conference Mayor Michael Bloomberg to hold press conference on #Sandy press conference,momentarily momentarily n/A,New York ,Informative (Indirect),,NYC Mayor Michael Bloomberg to hold press conference on #Sandy momentarily. Watch Live: ,RT @thedailybeast: NYC Mayor Michael Bloomberg to hold press conference on #Sandy momentarily. Watch Live: ,Caution and advice,,asrulsidiq,,,,"City of New York, New York, United States","40.7127281, -74.0060152",40.7127281,-74.0060152
227175914,False,finalized,3,12/10/2012 14:30:43,,A hurricane warning has been issued or has been lifted,0.6485,Sandy will unleash furious waves on New York City Sandy will unleash furious waves Sandy will unleash furious waves,8 P.M 8 P.M 8 P.M,New York ,Informative (Indirect),,'SET YOUR WATCHES FOR 8 P.M:' That's when #Sandy will unleash furious waves on New York City ,RT @nydailynews: 'SET YOUR WATCHES FOR 8 P.M:' That's when #Sandy will unleash furious waves on New York City ,Caution and advice,,BiscardiA,,,,"City of New York, New York, United States","40.7127281, -74.0060152",40.7127281,-74.0060152
227175915,False,finalized,3,12/8/2012 20:14:27,BNO NEWS,Other,1.0,U.S. stock markets reopen stock markets to reopen Wednesday U.S. stock markets to reopen,Wednesday Wednesday Wednesday,New York ,Informative (Indirect),,WireUpdate U.S. stock markets to reopen Wednesday after Sandy kills 43: NEW YORK CITY (BNO NEWS) -- Major stock ... ,WireUpdate U.S. stock markets to reopen Wednesday after Sandy kills 43: NEW YORK CITY (BNO NEWS) -- Major stock ... ,Caution and advice,,bnogr,,,,"City of New York, New York, United States","40.7127281, -74.0060152",40.7127281,-74.0060152
227175916,False,finalized,3,12/10/2012 14:27:10,NHCAtlantic,A hurricane warning has been issued or has been lifted,1.0,Hurricane Sandy expected to make landfall Sandy expected to make landfall Hurricane Sandy,by early evening by early evening early evening,New Jersey ,Informative (Indirect),,Hurricane Sandy expected to make landfall along or just south of southern NJ coast by early evening - @NHC_Atlantic ,Hurricane Sandy expected to make landfall along or just south of southern NJ coast by early evening - @NHC_Atlantic ,Caution and advice,,breakingstorm,,,,"New Jersey, United States","40.0757384, -74.4041622",40.0757384,-74.4041622
227175917,False,finalized,3,12/8/2012 20:24:35,,Other,0.6559,keep an eye out for storm drains please prepared to keep an eye out for storm drains keep an eye out for storm drains,In advance of the arrival of Hurricane Sandy In advance of the arrival of Hurricane Sandy the arrival of Hurricane Sandy,Nan ,Informative (Indirect),,In advance of the arrival of Hurricane Sandy please prepared to keep an eye out for storm drains whose tops are... ,In advance of the arrival of Hurricane Sandy please prepared to keep an eye out for storm drains whose tops are... ,Caution and advice,,BTVDPW,,,,"Nanno, Ville d'Anaunia, Comunità della Val di Non, Provincia di Trento, Trentino-Alto Adige/Südtirol, 38093, Italia","46.3144754, 11.0480288",46.3144754,11.0480288
227175918,False,finalized,3,12/10/2012 14:30:43,,Other,0.6869,sandy update sandy update here sandy update,now now now,New York ,Informative (Indirect),,Mayor Bloomberg live NYC #sandy update here now: ,RT @rebeccagberg: Mayor Bloomberg live NYC #sandy update here now: ,Caution and advice,,BuzzFeed,,,,"City of New York, New York, United States","40.7127281, -74.0060152",40.7127281,-74.0060152
227175919,False,finalized,3,12/8/2012 19:56:15,,Other,1.0,prevent mold Start cleaning up quickly after hurricane flooding cleaning up quickly after hurricane flooding,after hurricane flooding N/A quickly,Nan ,Informative (Indirect),,Start cleaning up quickly after hurricane flooding to prevent mold. ,Start cleaning up quickly after hurricane flooding to prevent mold. ,Caution and advice,,CalorieLab,,,,"Nanno, Ville d'Anaunia, Comunità della Val di Non, Provincia di Trento, Trentino-Alto Adige/Südtirol, 38093, Italia","46.3144754, 11.0480288",46.3144754,11.0480288
227175920,False,finalized,3,12/10/2012 14:47:51,ASPCA,Other,1.0,All pets are accepted on the subway taxi and trains pets are accepted on the subway taxi and trains All pets are accepted during evacuation,during evacuation during evacuation n/A,New York ,Informative (Indirect),,AWWWW RT @ASPCA: NYC ALERT: All pets are accepted on the subway taxi and trains during evacuation. #Sandy #SandyPets,AWWWW RT @ASPCA: NYC ALERT: All pets are accepted on the subway taxi and trains during evacuation. #Sandy #SandyPets,Caution and advice,,camai_,,,,"City of New York, New York, United States","40.7127281, -74.0060152",40.7127281,-74.0060152
227175922,False,finalized,3,12/10/2012 14:40:54,,A hurricane warning has been issued or has been lifted,0.6869,SANDY SET TO SLAM NYC AND TRI-STATE REGION STORM SANDY SET TO SLAM SLAM NYC,N/A n/a n/A,New York ,Informative (Indirect),,MONSTER STORM SANDY SET TO SLAM NYC AND TRI-STATE REGION: AS HURRICANE SANDY PICKS UP SPEED forecasters say it will slam into New Je...,MONSTER STORM SANDY SET TO SLAM NYC AND TRI-STATE REGION: AS HURRICANE SANDY PICKS UP SPEED forecasters say it will slam into New Je...,Caution and advice,,CGaye2,,,,"City of New York, New York, United States","40.7127281, -74.0060152",40.7127281,-74.0060152
227175923,False,finalized,4,12/8/2012 21:09:31,,A hurricane sighting has been reported,1.0,#Sandy now 40 miles from New Jersey Sandy now 40 miles from New Jersey Sandy winds water swell,now now now now,New Jersey ,Informative (Indirect),,#BREAKING: #Sandy now 40 miles from New Jersey as winds water swell #SandyNJ ,RT @NBCNewYork: #BREAKING: #Sandy now 40 miles from New Jersey as winds water swell #SandyNJ ,Caution and advice,,Cholosocksgirl,,,,"New Jersey, United States","40.0757384, -74.4041622",40.0757384,-74.4041622
227175924,False,finalized,3,12/10/2012 14:23:06,,Other,1.0,NYC Hurricane Sandy 2012 Update Storm to Shut Down City Storm,n/a Tuesday Tuesday,New York ,Informative (Indirect),,NYC Hurricane Sandy 2012 Update: Storm to Shut Down City on Tuesday ,NYC Hurricane Sandy 2012 Update: Storm to Shut Down City on Tuesday ,Caution and advice,,ChrisJACooper,,,,"City of New York, New York, United States","40.7127281, -74.0060152",40.7127281,-74.0060152
227175925,False,finalized,3,12/10/2012 14:47:51,,A hurricane sighting has been reported,1.0,Sandy makes landfall Sandy makes landfall Sandy makes landfall,N/A n/a n/A,New Jersey ,Informative (Indirect),,#BREAKING: #Sandy makes landfall in New Jersey. #NJ ,RT @NBCNewYork: #BREAKING: #Sandy makes landfall in New Jersey. #NJ ,Caution and advice,,CirocBoyNick,,,,"New Jersey, United States","40.0757384, -74.4041622",40.0757384,-74.4041622
227175927,False,finalized,3,12/8/2012 19:14:13,AsburyParkPress,Other,0.6355,Sandy to cause 'record extreme coastal flooding Sandy to cause 'record extreme coastal flooding record extreme coastal flooding,N/A N/A n/a,Nan ,Informative (Indirect),,Sandy to cause 'record extreme coastal flooding'  via @AsburyParkPress,Sandy to cause 'record extreme coastal flooding'  via @AsburyParkPress,Caution and advice,,colleen52390759,,,,"Nanno, Ville d'Anaunia, Comunità della Val di Non, Provincia di Trento, Trentino-Alto Adige/Südtirol, 38093, Italia","46.3144754, 11.0480288",46.3144754,11.0480288
227175928,False,finalized,3,12/8/2012 19:41:40,,Other,0.6543,East coast braces for hurricane East coast braces for hurricane braces for hurricane,n/a N/A n/a,East Coast America ,Informative (Indirect),,Sandy: East coast braces for hurricane ÃƒÆ’Ã‚Â¤ÃƒÆ’Ã‚Â³ÃƒÆ’Ã¢â‚¬â€œlife-threateningÃƒÆ’Ã‚Â¤ÃƒÆ’Ã‚Â³Ãƒâ€šÃ‚Â» storm surge ,Sandy: East coast braces for hurricane ÃƒÆ’Ã‚Â¤ÃƒÆ’Ã‚Â³ÃƒÆ’Ã¢â‚¬â€œlife-threateningÃƒÆ’Ã‚Â¤ÃƒÆ’Ã‚Â³Ãƒâ€šÃ‚Â» storm surge ,Caution and advice,,conquilia,,,,"Bank of America, 21, Palm Coast Parkway East, Palm Coast, Flagler County, Florida, 32164, United States","29.5500018, -81.2358348782367",29.5500018,-81.2358348782367
227175930,False,finalized,3,12/8/2012 20:24:35,,A hurricane sighting has been reported,1.0,wind gust to 66mph JFK recorded a wind gust to 66mph at 1:36pm recorded a wind gust to 66mph,1:36pm 1:36pm 1:36pm,John F. Kennedy Airport ,Informative (Indirect),,JFK recorded a wind gust to 66mph at 1:36pm. Just short of hurricane force. Still 8-10hrs from landfall.  #Sandy,RT @WSJweather: JFK recorded a wind gust to 66mph at 1:36pm. Just short of hurricane force. Still 8-10hrs from landfall.  #Sandy,Caution and advice,,DanaGalColeman,,,,"John F. Kennedy International Airport, JFK Access Road, Queens, City of New York, New York, 11430, United States","40.642947899999996, -73.7793733748521",40.642947899999996,-73.7793733748521
227175931,False,finalized,3,12/8/2012 19:49:16,,A shelter is open or available,0.6386,ALL evacuation shelters are pet friendly ALL evacuation shelters are pet friendly evacuation shelters are pet friendly - don't leave your pets behind,N/A N/A n/a,New York ,Informative (Indirect),,NYC ALERT: ALL evacuation shelters are pet friendly - don't leave your pets behind!  #SANDY #sandypets,RT @ASPCA: NYC ALERT: ALL evacuation shelters are pet friendly - don't leave your pets behind!  #SANDY #sandypets,Caution and advice,,Daneeo1985,,,,"City of New York, New York, United States","40.7127281, -74.0060152",40.7127281,-74.0060152
227175932,False,finalized,3,12/8/2012 20:10:30,,Other,1.0,record-breaking storm Sandy shaping up as record-breaking storm Sandy shaping up as record-breaking storm,N/A N/A n/a,Nan ,Informative (Indirect),,Hurricane #Sandy shaping up as record-breaking storm. ,RT @cnnbrk: Hurricane #Sandy shaping up as record-breaking storm. ,Caution and advice,,DanTRusu,,,,"Nanno, Ville d'Anaunia, Comunità della Val di Non, Provincia di Trento, Trentino-Alto Adige/Südtirol, 38093, Italia","46.3144754, 11.0480288",46.3144754,11.0480288
227175933,False,finalized,3,12/8/2012 20:47:20,,Other,1.0,Mayor Bloomberg will update New Yorkers on #Sandy Mayor Bloomberg will update New Yorkers on #Sandy Mayor Bloomberg will update New Yorkers,10 AM 10 AM 10 AM,New York ,Informative (Indirect),,Mayor Bloomberg will update New Yorkers on #Sandy at 10 AM. Will be live on .,RT @NYCMayorsOffice: Mayor Bloomberg will update New Yorkers on #Sandy at 10 AM. Will be live on .,Caution and advice,,DareIBuild,,,,"City of New York, New York, United States","40.7127281, -74.0060152",40.7127281,-74.0060152
227175934,False,finalized,3,12/10/2012 14:37:37,BrianLehrer Gawker BPC,Other,0.6502,marina lower wall/pier Ready to crest Ready to crest North Cove marina lower wall/pier,n/a 5:15pm 5:15pm,New York ,Informative (Indirect),,5:15pm Ready to crest North Cove marina lower wall/pier. 4+ft to Esplanade #BPC #NYC @AP @BrianLehrer @Gawker #Sandy,5:15pm Ready to crest North Cove marina lower wall/pier. 4+ft to Esplanade #BPC #NYC @AP @BrianLehrer @Gawker #Sandy,Caution and advice,,dingbat,,,,"City of New York, New York, United States","40.7127281, -74.0060152",40.7127281,-74.0060152
227175934,False,finalized,3,12/10/2012 14:37:37,BrianLehrer Gawker BPC,Other,0.6502,marina lower wall/pier Ready to crest Ready to crest North Cove marina lower wall/pier,n/a 5:15pm 5:15pm,North Cove Marina ,Informative (Indirect),,5:15pm Ready to crest North Cove marina lower wall/pier. 4+ft to Esplanade #BPC #NYC @AP @BrianLehrer @Gawker #Sandy,5:15pm Ready to crest North Cove marina lower wall/pier. 4+ft to Esplanade #BPC #NYC @AP @BrianLehrer @Gawker #Sandy,Caution and advice,,dingbat,,,,"North Cove Yacht Harbor, Battery Park City Greenway, Manhattan Community Board 1, Manhattan, New York County, City of New York, New York, 10285, United States","40.712875600000004, -74.01717401540628",40.712875600000004,-74.01717401540628
227175935,False,finalized,3,12/8/2012 19:41:40,,A hurricane warning has been issued or has been lifted,0.6974,Wind gusts over 60 mph Wind gusts over 60 mph Wind gusts over 60 mph,this hour N/A this hour,John F. Kennedy Airport ,Informative (Indirect),,Wind gusts over 60 mph are being reported at Central Park and JFK airport in #NYC this hour. #Sandy,RT @twc_hurricane: Wind gusts over 60 mph are being reported at Central Park and JFK airport in #NYC this hour. #Sandy,Caution and advice,,DITZABELLA,,,,"John F. Kennedy International Airport, JFK Access Road, Queens, City of New York, New York, 11430, United States","40.642947899999996, -73.7793733748521",40.642947899999996,-73.7793733748521
227175935,False,finalized,3,12/8/2012 19:41:40,,A hurricane warning has been issued or has been lifted,0.6974,Wind gusts over 60 mph Wind gusts over 60 mph Wind gusts over 60 mph,this hour N/A this hour,Central Park ,Informative (Indirect),,Wind gusts over 60 mph are being reported at Central Park and JFK airport in #NYC this hour. #Sandy,RT @twc_hurricane: Wind gusts over 60 mph are being reported at Central Park and JFK airport in #NYC this hour. #Sandy,Caution and advice,,DITZABELLA,,,,"Central Park, New York County, City of New York, New York, United States","40.7827725, -73.9653627406542",40.7827725,-73.9653627406542
227175935,False,finalized,3,12/8/2012 19:41:40,,A hurricane warning has been issued or has been lifted,0.6974,Wind gusts over 60 mph Wind gusts over 60 mph Wind gusts over 60 mph,this hour N/A this hour,New York ,Informative (Indirect),,Wind gusts over 60 mph are being reported at Central Park and JFK airport in #NYC this hour. #Sandy,RT @twc_hurricane: Wind gusts over 60 mph are being reported at Central Park and JFK airport in #NYC this hour. #Sandy,Caution and advice,,DITZABELLA,,,,"City of New York, New York, United States","40.7127281, -74.0060152",40.7127281,-74.0060152
227175936,False,finalized,3,12/8/2012 20:40:50,,Other,0.6355,Sandy Schedule Update Storm Sandy Schedule Update Storm Sandy Schedule Update,N/A N/A aftermath of this sto...,Nan ,Informative (Indirect),,Updated Website! Storm Sandy Schedule Update - We've been praying that you are all safe in the aftermath of this sto... ,Updated Website! Storm Sandy Schedule Update - We've been praying that you are all safe in the aftermath of this sto... ,Caution and advice,,DixHillsChurch,,,,"Nanno, Ville d'Anaunia, Comunità della Val di Non, Provincia di Trento, Trentino-Alto Adige/Südtirol, 38093, Italia","46.3144754, 11.0480288",46.3144754,11.0480288
227175937,False,finalized,3,12/8/2012 20:06:59,,Other,1.0,Bridges Set to Close Several Bridges Set to Close Bridges Set to Close,N/A N/A n/a,New York ,Informative (Indirect),,Several Bridges Set to Close Because of #HurricaneSandy #Sandy #NYC ,Several Bridges Set to Close Because of #HurricaneSandy #Sandy #NYC ,Caution and advice,,DNAinfo,,,,"City of New York, New York, United States","40.7127281, -74.0060152",40.7127281,-74.0060152
227175938,False,finalized,3,12/8/2012 20:18:01,Bloomberg,Other,1.0,Mayor Bloomberg Updates NYC Mayor Bloomberg Updates NYC Updates NYC On #Sandy,LIVESTREAM NOW NOW NOW,New York ,Informative (Indirect),,Mayor Bloomberg Updates NYC On #Sandy  LIVESTREAM NOW,Mayor Bloomberg Updates NYC On #Sandy  LIVESTREAM NOW,Caution and advice,,DNDailyPolitics,,,,"City of New York, New York, United States","40.7127281, -74.0060152",40.7127281,-74.0060152
227175939,False,finalized,3,12/10/2012 14:23:06,,A hurricane sighting has been reported,0.6502,clouds loom Menacing clouds loom over #NYC Menacing clouds, today today,New York ,Informative (Indirect),,Menacing clouds loom over #NYC today in advance of Hurricane #Sandy. #Frankenstorm ,Menacing clouds loom over #NYC today in advance of Hurricane #Sandy. #Frankenstorm ,Caution and advice,,EMaloneG,,,,"City of New York, New York, United States","40.7127281, -74.0060152",40.7127281,-74.0060152
227175940,False,finalized,3,12/8/2012 19:09:26,Bloomberg,Other,1.0,it will take a day or two to recover it will take a day or two to recover to recover,a day or two N/A a day or two,New York ,Informative (Indirect),,it will take a day or two to recover...[some things] into the weekend--@mikeBloomberg #sandy #nyc,"RT @azipaybarah: ""it will take a day or two to recover...[some things] into the weekend""--@mikeBloomberg #sandy #nyc",Caution and advice,,faiza_n_ali,,,,"City of New York, New York, United States","40.7127281, -74.0060152",40.7127281,-74.0060152
227175941,False,finalized,3,12/8/2012 20:40:50,,Other,1.0,financial markets closed Storm will keep financial markets closed Tuesday Storm will keep financial markets closed,Tuesday Tuesday Tuesday,New York ,Informative (Indirect),,Storm will keep financial markets closed Tuesday: NEW YORKÃƒÆ’Ã‚Â¤ÃƒÆ’Ã‚Â³ÃƒÆ’Ã‚Â®Major U.S. stock and bond markets will be closed beca... ,Storm will keep financial markets closed Tuesday: NEW YORKÃƒÆ’Ã‚Â¤ÃƒÆ’Ã‚Â³ÃƒÆ’Ã‚Â®Major U.S. stock and bond markets will be closed beca... ,Caution and advice,,fanlacrosse,,,,"City of New York, New York, United States","40.7127281, -74.0060152",40.7127281,-74.0060152
227175943,False,finalized,3,12/8/2012 19:29:26,,Other,1.0,JFK Newark airports reopen JFK Newark airports reopen on limited operational schedule limited operational schedule,n/a N/A n/a,John F. Kennedy Airport ,Informative (Indirect),,JFK Newark airports reopen on limited operational schedule after #Sandy  &gt; LaGuardia still closed #NYC,JFK Newark airports reopen on limited operational schedule after #Sandy  &gt; LaGuardia still closed #NYC,Caution and advice,,Global_Montreal,,,,"John F. Kennedy International Airport, JFK Access Road, Queens, City of New York, New York, 11430, United States","40.642947899999996, -73.7793733748521",40.642947899999996,-73.7793733748521
227175943,False,finalized,3,12/8/2012 19:29:26,,Other,1.0,JFK Newark airports reopen JFK Newark airports reopen on limited operational schedule limited operational schedule,n/a N/A n/a,Laguardia Airport ,Informative (Indirect),,JFK Newark airports reopen on limited operational schedule after #Sandy  &gt; LaGuardia still closed #NYC,JFK Newark airports reopen on limited operational schedule after #Sandy  &gt; LaGuardia still closed #NYC,Caution and advice,,Global_Montreal,,,,"LaGuardia Airport, Marine Terminal Road, Queens, City of New York, New York, 11371, United States","40.7757145, -73.87336398511545",40.7757145,-73.87336398511545
227175943,False,finalized,3,12/8/2012 19:29:26,,Other,1.0,JFK Newark airports reopen JFK Newark airports reopen on limited operational schedule limited operational schedule,n/a N/A n/a,New York ,Informative (Indirect),,JFK Newark airports reopen on limited operational schedule after #Sandy  &gt; LaGuardia still closed #NYC,JFK Newark airports reopen on limited operational schedule after #Sandy  &gt; LaGuardia still closed #NYC,Caution and advice,,Global_Montreal,,,,"City of New York, New York, United States","40.7127281, -74.0060152",40.7127281,-74.0060152
227175944,False,finalized,3,12/8/2012 20:40:50,,Other,1.0,satalite images and shots satalite images and shots coming out satalite images and shots coming out,N/A N/A n/a,New York ,Informative (Indirect),,Wow the satalite images and shots coming out of NYC are really scary. #StaySafe #Sandy,Wow the satalite images and shots coming out of NYC are really scary. #StaySafe #Sandy,Caution and advice,,Halled,,,,"City of New York, New York, United States","40.7127281, -74.0060152",40.7127281,-74.0060152
227175945,False,finalized,3,12/8/2012 19:52:56,,Other,0.6355,Mayor is updating New Yorkers on #Sandy Mayor is updating New Yorkers Mayor is updating New Yorkers on #Sandy,LIVE NOW N/A LIVE NOW,New York ,Informative (Indirect),,LIVE NOW: the Mayor is updating New Yorkers on #Sandy: ,RT @NYCMayorsOffice: LIVE NOW: the Mayor is updating New Yorkers on #Sandy: ,Caution and advice,,HealthcareWen,,,,"City of New York, New York, United States","40.7127281, -74.0060152",40.7127281,-74.0060152
227175946,False,finalized,3,12/8/2012 20:20:52,Bloomberg,A shelter is open or available,1.0,shelters we opened will remain open 76 shelters we opened will remain open today 76 shelters we opened will remain open today,today today today,New York ,Informative (Indirect),,Mayor Bloomberg: The 76 shelters we opened will remain open today. #Sandy #NYC,RT @HuffingtonPost: Mayor Bloomberg: The 76 shelters we opened will remain open today. #Sandy #NYC,Caution and advice,,HeiddiZ,,,,"City of New York, New York, United States","40.7127281, -74.0060152",40.7127281,-74.0060152
227175947,False,finalized,3,12/8/2012 20:06:59,,A hurricane warning has been issued or has been lifted,0.7122,state of emergency 9 states along Mid-Atlantic coast declare state of emergency declare state of emergency,N/A N/A n/a,New York ,Informative (Indirect),,9 states along Mid-Atlantic coast declare state of emergency-info&updates here + evac zone maps/guides for #NYC  #Sandy,RT @katiecouric: 9 states along Mid-Atlantic coast declare state of emergency-info&updates here + evac zone maps/guides for #NYC  #Sandy,Caution and advice,,HotmaMejia,,,,"City of New York, New York, United States","40.7127281, -74.0060152",40.7127281,-74.0060152
227175948,False,finalized,3,12/10/2012 14:34:14,,Other,1.0,Over 13500 flight cancelled Over 13500 flight cancelled 13500 flight cancelled,N/A n/a n/A,New Jersey ,Informative (Indirect),,#Sandy #Updates: Over 13500 flight cancelled and counting due to Hurricane Sandy.. #NYC #NJ ,#Sandy #Updates: Over 13500 flight cancelled and counting due to Hurricane Sandy.. #NYC #NJ ,Caution and advice,,JasminGranado,,,,"New Jersey, United States","40.0757384, -74.4041622",40.0757384,-74.4041622
227175948,False,finalized,3,12/10/2012 14:34:14,,Other,1.0,Over 13500 flight cancelled Over 13500 flight cancelled 13500 flight cancelled,N/A n/a n/A,New York ,Informative (Indirect),,#Sandy #Updates: Over 13500 flight cancelled and counting due to Hurricane Sandy.. #NYC #NJ ,#Sandy #Updates: Over 13500 flight cancelled and counting due to Hurricane Sandy.. #NYC #NJ ,Caution and advice,,JasminGranado,,,,"City of New York, New York, United States","40.7127281, -74.0060152",40.7127281,-74.0060152
227175949,False,finalized,3,12/8/2012 20:18:01,,A hurricane warning has been issued or has been lifted,0.7108,Conditions are dangerous and will get worse Please stay where you are Conditions are dangerous and will get worse,N/A N/A The time for evacuation is over,New York ,Informative (Indirect),,The time for evacuation is over. Conditions are dangerous and will get worse. Please stay where you are #Sandy #NYC ,RT @MikeBloomberg: The time for evacuation is over. Conditions are dangerous and will get worse. Please stay where you are #Sandy #NYC ,Caution and advice,,jmbelcher,,,,"City of New York, New York, United States","40.7127281, -74.0060152",40.7127281,-74.0060152
227175950,False,finalized,3,12/8/2012 21:09:31,,A shelter is open or available,0.6537,need of shelter If in immediate need of shelter If in immediate need of shelter, N/A n/a,Nan ,Informative (Indirect),,If in immediate need of shelter please visit  to locate your nearest options. #shelter #Sandy,RT @RedCross: If in immediate need of shelter please visit  to locate your nearest options. #shelter #Sandy,Caution and advice,,jmgreenwell,,,,"Nanno, Ville d'Anaunia, Comunità della Val di Non, Provincia di Trento, Trentino-Alto Adige/Südtirol, 38093, Italia","46.3144754, 11.0480288",46.3144754,11.0480288
227175951,False,finalized,3,12/8/2012 20:50:28,xhank,Other,1.0,Empty streets Empty streets Empty streets,N/A n/a n/a,Soho Manhattan ,Informative (Indirect),,Empty streets of Soho NYC by @xhank.  #sandy,RT @stevesilberman: Empty streets of Soho NYC by @xhank.  #sandy,Caution and advice,,johndavisonx,,,,"SoHo, Spring Street, Manhattan Community Board 2, Manhattan, New York County, City of New York, New York, 10013, United States","40.72288, -73.9987505",40.72288,-73.9987505
227175951,False,finalized,3,12/8/2012 20:50:28,xhank,Other,1.0,Empty streets Empty streets Empty streets,N/A n/a n/a,New York ,Informative (Indirect),,Empty streets of Soho NYC by @xhank.  #sandy,RT @stevesilberman: Empty streets of Soho NYC by @xhank.  #sandy,Caution and advice,,johndavisonx,,,,"City of New York, New York, United States","40.7127281, -74.0060152",40.7127281,-74.0060152
227175952,False,finalized,3,12/10/2012 14:40:54,,Other,1.0,FLOODING POSSIBLE REMNANTS OF HURRICANE SANDY WILL LINGER FLOODING POSSIBLE,N/A n/a n/A,Central Penn College ,Informative (Indirect),,...FLOODING POSSIBLE FROM REMNANTS OF HURRICANE SANDY... .THE REMNANTS OF HURRICANE SANDY WILL LINGER OVER CENTRAL PENN ,...FLOODING POSSIBLE FROM REMNANTS OF HURRICANE SANDY... .THE REMNANTS OF HURRICANE SANDY WILL LINGER OVER CENTRAL PENN ,Caution and advice,,Johnstown_WX,,,,"Central Penn College, A Street, Summerdale, Cumberland County, Pennsylvania, 17093, United States","40.304349200000004, -76.9330118719115",40.304349200000004,-76.9330118719115
227175953,False,finalized,3,12/8/2012 20:20:52,,Other,1.0,all four East River bridges will shut down At 7 PM all four East River bridges will shut down bridges will shut down,7 PM 7 PM 7 PM,Brooklyn ,Informative (Indirect),,BREAKING: At 7 PM all four East River bridges will shut down: Brooklyn Manhattan Williamsburg and Ed Koch Queensboro Bridges. #Sandy,RT @NYCMayorsOffice: BREAKING: At 7 PM all four East River bridges will shut down: Brooklyn Manhattan Williamsburg and Ed Koch Queensboro Bridges. #Sandy,Caution and advice,,Jsurvivor_nyc,,,,"Brooklyn, Kings County, City of New York, New York, United States","40.6526006, -73.9497211",40.6526006,-73.9497211
227175953,False,finalized,3,12/8/2012 20:20:52,,Other,1.0,all four East River bridges will shut down At 7 PM all four East River bridges will shut down bridges will shut down,7 PM 7 PM 7 PM,Manhattan ,Informative (Indirect),,BREAKING: At 7 PM all four East River bridges will shut down: Brooklyn Manhattan Williamsburg and Ed Koch Queensboro Bridges. #Sandy,RT @NYCMayorsOffice: BREAKING: At 7 PM all four East River bridges will shut down: Brooklyn Manhattan Williamsburg and Ed Koch Queensboro Bridges. #Sandy,Caution and advice,,Jsurvivor_nyc,,,,"Manhattan, New York County, City of New York, New York, United States","40.7896239, -73.9598939",40.7896239,-73.9598939
227175953,False,finalized,3,12/8/2012 20:20:52,,Other,1.0,all four East River bridges will shut down At 7 PM all four East River bridges will shut down bridges will shut down,7 PM 7 PM 7 PM,Williamsburg ,Informative (Indirect),,BREAKING: At 7 PM all four East River bridges will shut down: Brooklyn Manhattan Williamsburg and Ed Koch Queensboro Bridges. #Sandy,RT @NYCMayorsOffice: BREAKING: At 7 PM all four East River bridges will shut down: Brooklyn Manhattan Williamsburg and Ed Koch Queensboro Bridges. #Sandy,Caution and advice,,Jsurvivor_nyc,,,,"Williamsburg, Williamsburg (city), Virginia, United States","37.2708788, -76.7074042",37.2708788,-76.7074042
227175953,False,finalized,3,12/8/2012 20:20:52,,Other,1.0,all four East River bridges will shut down At 7 PM all four East River bridges will shut down bridges will shut down,7 PM 7 PM 7 PM,East River ,Informative (Indirect),,BREAKING: At 7 PM all four East River bridges will shut down: Brooklyn Manhattan Williamsburg and Ed Koch Queensboro Bridges. #Sandy,RT @NYCMayorsOffice: BREAKING: At 7 PM all four East River bridges will shut down: Brooklyn Manhattan Williamsburg and Ed Koch Queensboro Bridges. #Sandy,Caution and advice,,Jsurvivor_nyc,,,,"East River, City of New York, Hudson County, New York, 10044, United States","40.7792911, -73.92771",40.7792911,-73.92771
227175953,False,finalized,3,12/8/2012 20:20:52,,Other,1.0,all four East River bridges will shut down At 7 PM all four East River bridges will shut down bridges will shut down,7 PM 7 PM 7 PM,Ed Koch Queensboro ,Informative (Indirect),,BREAKING: At 7 PM all four East River bridges will shut down: Brooklyn Manhattan Williamsburg and Ed Koch Queensboro Bridges. #Sandy,RT @NYCMayorsOffice: BREAKING: At 7 PM all four East River bridges will shut down: Brooklyn Manhattan Williamsburg and Ed Koch Queensboro Bridges. #Sandy,Caution and advice,,Jsurvivor_nyc,,,,"Ed Koch Queensboro Bridge Lower Roadway, Roosevelt Island, Manhattan Community Board 8, Manhattan, New York County, City of New York, New York, 10155, United States","40.759458, -73.9606274",40.759458,-73.9606274
227175954,False,finalized,3,12/8/2012 20:14:27,,A hurricane sighting has been reported,0.6386,highest observed gusts JFK airport in #NYC now gusting to 71 mph now gusting to 71 mph,now now now,John F. Kennedy Airport ,Informative (Indirect),,#JFK airport in #NYC now gusting to 71 mph - the highest observed gusts so far in NYC during #Sandy.,RT @twc_hurricane: #JFK airport in #NYC now gusting to 71 mph - the highest observed gusts so far in NYC during #Sandy.,Caution and advice,,JusAire,,,,"John F. Kennedy International Airport, JFK Access Road, Queens, City of New York, New York, 11430, United States","40.642947899999996, -73.7793733748521",40.642947899999996,-73.7793733748521
227175954,False,finalized,3,12/8/2012 20:14:27,,A hurricane sighting has been reported,0.6386,highest observed gusts JFK airport in #NYC now gusting to 71 mph now gusting to 71 mph,now now now,New York ,Informative (Indirect),,#JFK airport in #NYC now gusting to 71 mph - the highest observed gusts so far in NYC during #Sandy.,RT @twc_hurricane: #JFK airport in #NYC now gusting to 71 mph - the highest observed gusts so far in NYC during #Sandy.,Caution and advice,,JusAire,,,,"City of New York, New York, United States","40.7127281, -74.0060152",40.7127281,-74.0060152
227175955,False,finalized,3,12/10/2012 14:34:14,Cuomo,Other,0.6631,close NYC bridges close NYC bridges close NYC bridges,7:00 PM 7:00 PM 7:00 PM,New York ,Informative (Indirect),,Gov. Cuomo has directed the Port Authority and the MTA to close NYC bridges at 7:00 PM  #Sandy,RT @nydailynews: Gov. Cuomo has directed the Port Authority and the MTA to close NYC bridges at 7:00 PM  #Sandy,Caution and advice,,katew,,,,"City of New York, New York, United States","40.7127281, -74.0060152",40.7127281,-74.0060152
227175956,False,finalized,3,12/10/2012 14:27:10,ConEd CEO,Other,1.0,significant chance of flooding significant chance of flooding chance of flooding,N/A n/a n/A,New York ,Informative (Indirect),,"ConEd CEO on #Sandy: ""There is a significant chance of flooding throughout NYC""","RT @WSJweather: ConEd CEO on #Sandy: ""There is a significant chance of flooding throughout NYC""",Caution and advice,,KCMichelle,,,,"City of New York, New York, United States","40.7127281, -74.0060152",40.7127281,-74.0060152
227175957,False,finalized,3,12/8/2012 20:14:27,,Other,1.0,outage clusters Biggest outage clusters get repaired first outage clusters get repaired first.,n/a N/A n/a,Westchester ,Informative (Indirect),,Biggest outage clusters get repaired first. Smaller clusters to follow. #Westchester #NYC #Sandy #ConEdison,RT @ConEdison: Biggest outage clusters get repaired first. Smaller clusters to follow. #Westchester #NYC #Sandy #ConEdison,Caution and advice,,KelleyChubb,,,,"Westchester County, New York, United States","41.1763139, -73.7907554",41.1763139,-73.7907554
227175957,False,finalized,3,12/8/2012 20:14:27,,Other,1.0,outage clusters Biggest outage clusters get repaired first outage clusters get repaired first.,n/a N/A n/a,New York ,Informative (Indirect),,Biggest outage clusters get repaired first. Smaller clusters to follow. #Westchester #NYC #Sandy #ConEdison,RT @ConEdison: Biggest outage clusters get repaired first. Smaller clusters to follow. #Westchester #NYC #Sandy #ConEdison,Caution and advice,,KelleyChubb,,,,"City of New York, New York, United States","40.7127281, -74.0060152",40.7127281,-74.0060152
227175958,False,finalized,3,12/8/2012 19:44:30,Bloomberg achorowitz,A hurricane warning has been issued or has been lifted,0.6559,the worst of the storm worst of the storm worst of the storm,630-1030 PM 630-1030 PM 630-1030 PM,New York ,Informative (Indirect),,RT @achorowitz: 630-1030 PM will be the worst of the storm in NYC says Bloomberg #nyc #sandy,RT @AlexJamesFitz: RT @achorowitz: 630-1030 PM will be the worst of the storm in NYC says Bloomberg #nyc #sandy,Caution and advice,,Kenosen2,,,,"City of New York, New York, United States","40.7127281, -74.0060152",40.7127281,-74.0060152
227175960,False,finalized,3,12/8/2012 20:44:15,IFWT Experts,A hurricane warning has been issued or has been lifted,1.0,Experts Say 8 O'Clock Is When Hurricane Sandy Unleashes Her Fury On NYC Hurricane Sandy Unleashes Her Fury On NYC When Hurricane Sandy Unleashes Her Fury,8 O'Clock 8 O'Clock 8 O'Clock,New York ,Informative (Indirect),,#IFWT Experts Say 8 O'Clock Is When Hurricane Sandy Unleashes Her Fury On NYC - ,RT @funkmasterflex: #IFWT Experts Say 8 O'Clock Is When Hurricane Sandy Unleashes Her Fury On NYC - ,Caution and advice,,KidDuckie,,,,"City of New York, New York, United States","40.7127281, -74.0060152",40.7127281,-74.0060152
227175961,False,finalized,3,12/10/2012 06:12:57,Bloomberg,Other,1.0,shut down power shut down power ConEd may shut down power,N/A n/a N/A,Brooklyn ,Informative (Indirect),,NYC Mayor Bloomberg: ConEd may shut down power in southern Brooklyn and lower Manhattan. #Sandy,RT @TheMatthewKeys: NYC Mayor Bloomberg: ConEd may shut down power in southern Brooklyn and lower Manhattan. #Sandy,Caution and advice,,ksrgatorfn,,,,"Brooklyn, Kings County, City of New York, New York, United States","40.6526006, -73.9497211",40.6526006,-73.9497211
227175961,False,finalized,3,12/10/2012 06:12:57,Bloomberg,Other,1.0,shut down power shut down power ConEd may shut down power,N/A n/a N/A,Manhattan ,Informative (Indirect),,NYC Mayor Bloomberg: ConEd may shut down power in southern Brooklyn and lower Manhattan. #Sandy,RT @TheMatthewKeys: NYC Mayor Bloomberg: ConEd may shut down power in southern Brooklyn and lower Manhattan. #Sandy,Caution and advice,,ksrgatorfn,,,,"Manhattan, New York County, City of New York, New York, United States","40.7896239, -73.9598939",40.7896239,-73.9598939
227175962,False,finalized,3,12/10/2012 14:40:54,,Other,1.0,Alternate side parking and meter regulations are suspended citywide parking and meter regulations are suspended are suspended,tomorrow tomorrow tomorrow,Nan ,Informative (Indirect),,Alternate side parking and meter regulations are suspended citywide tomorrow. #Sandy,RT @NYCMayorsOffice: Alternate side parking and meter regulations are suspended citywide tomorrow. #Sandy,Caution and advice,,lauritacruz47,,,,"Nanno, Ville d'Anaunia, Comunità della Val di Non, Provincia di Trento, Trentino-Alto Adige/Südtirol, 38093, Italia","46.3144754, 11.0480288",46.3144754,11.0480288
227175963,False,finalized,3,12/8/2012 19:56:15,Bloomberg,A hurricane warning has been issued or has been lifted,0.3645,The most severe part of the storm most severe part of the storm is now beginning severe part of the storm is now beginning,now now now,New York ,Informative (Indirect),,The most severe part of the storm is now beginning-Mayor Bloomberg. NYC #Sandy,"RT @MiaFarrow: ""The most severe part of the storm is now beginning""-Mayor Bloomberg. NYC #Sandy",Caution and advice,,longfellow520,,,,"City of New York, New York, United States","40.7127281, -74.0060152",40.7127281,-74.0060152
227175964,False,finalized,3,12/10/2012 06:12:57,,A hurricane warning has been issued or has been lifted,0.3501,Cumberland is going to get it hard tonight going to get it hard tonight by Sandy!! Cumberland is going to get it hard tonight by Sandy,tonight tonight tonight,Cumberland ,Informative (Indirect),,On the news it says Cumberland is going to get it hard tonight by Sandy!!,RT @XONavajo: On the news it says Cumberland is going to get it hard tonight by Sandy!!,Caution and advice,,LovinMyMistakes,,,,"Cumberland County, Pennsylvania, United States","40.1541581, -77.2803933",40.1541581,-77.2803933
227175965,False,finalized,3,12/8/2012 20:37:58,Bloomberg,Other,1.0,Please use 311 for downed trees and flooding use 311 for downed trees and flooding use 311 for downed trees and flooding not 911,N/A  n/a,New York ,Informative (Indirect),,"Mayor Bloomberg: ""Please use 311 for downed trees and flooding not 911."" #Sandy #NYC","RT @twc_hurricane: Mayor Bloomberg: ""Please use 311 for downed trees and flooding not 911."" #Sandy #NYC",Caution and advice,,MadameRamotswe,,,,"City of New York, New York, United States","40.7127281, -74.0060152",40.7127281,-74.0060152
227175966,False,finalized,3,12/10/2012 14:40:54,,Other,1.0,airports reopen airports reopen after two days of cancellations Liberty airports reopen,after two days of cancellations after two days of cancellations two days,John F. Kennedy Airport ,Informative (Indirect),,New York's #JFK and #Newark Liberty airports reopen after two days of cancellations. La Guardia remains closed  #Sandy,RT @BBCWorld: New York's #JFK and #Newark Liberty airports reopen after two days of cancellations. La Guardia remains closed  #Sandy,Caution and advice,,MarcClimaco,,,,"John F. Kennedy International Airport, JFK Access Road, Queens, City of New York, New York, 11430, United States","40.642947899999996, -73.7793733748521",40.642947899999996,-73.7793733748521
227175966,False,finalized,3,12/10/2012 14:40:54,,Other,1.0,airports reopen airports reopen after two days of cancellations Liberty airports reopen,after two days of cancellations after two days of cancellations two days,New York ,Informative (Indirect),,New York's #JFK and #Newark Liberty airports reopen after two days of cancellations. La Guardia remains closed  #Sandy,RT @BBCWorld: New York's #JFK and #Newark Liberty airports reopen after two days of cancellations. La Guardia remains closed  #Sandy,Caution and advice,,MarcClimaco,,,,"City of New York, New York, United States","40.7127281, -74.0060152",40.7127281,-74.0060152
227175966,False,finalized,3,12/10/2012 14:40:54,,Other,1.0,airports reopen airports reopen after two days of cancellations Liberty airports reopen,after two days of cancellations after two days of cancellations two days,Newark Liberty ,Informative (Indirect),,New York's #JFK and #Newark Liberty airports reopen after two days of cancellations. La Guardia remains closed  #Sandy,RT @BBCWorld: New York's #JFK and #Newark Liberty airports reopen after two days of cancellations. La Guardia remains closed  #Sandy,Caution and advice,,MarcClimaco,,,,"Liberty, East Chestnut Hill Road, Ogletown, Brookside, New Castle County, Delaware, 19713, United States","39.6765386, -75.70101405287292",39.6765386,-75.70101405287292
227175967,False,finalized,3,12/8/2012 20:57:21,,Other,1.0,pets are accepted on the subway taxi and trains All pets are accepted on the subway taxi and trains during evacuation pets are accepted on the subway taxi and trains,during evacuation during evacuation during evacuation,New York ,Informative (Indirect),,NYC ALERT: All pets are accepted on the subway taxi and trains during evacuation. #Sandy #SandyPets,RT @ASPCA: NYC ALERT: All pets are accepted on the subway taxi and trains during evacuation. #Sandy #SandyPets,Caution and advice,,Marketa1981,,,,"City of New York, New York, United States","40.7127281, -74.0060152",40.7127281,-74.0060152
227175968,False,finalized,3,12/8/2012 19:00:16,Bloomberg,Other,1.0,offering an update on the city's response to #Sandy Mayor Bloomberg is offering an update Mayor Bloomberg is offering an update,N/A N/A n/a,New York ,Informative (Indirect),,NYC Mayor Bloomberg is offering an update on the city's response to #Sandy. You can tune in here: ,NYC Mayor Bloomberg is offering an update on the city's response to #Sandy. You can tune in here: ,Caution and advice,,MarketWatch,,,,"City of New York, New York, United States","40.7127281, -74.0060152",40.7127281,-74.0060152
227175969,False,finalized,3,12/8/2012 19:37:32,Bloomberg,Other,1.0,updates residents Mayor Michael Bloomberg updates residents on Hurricane updates residents on Hurricane #Sandy,N/A N/A n/a,New York ,Informative (Indirect),,LIVE VIDEO: NYC Mayor Michael Bloomberg updates residents on Hurricane #Sandy ,RT @NBCNews: LIVE VIDEO: NYC Mayor Michael Bloomberg updates residents on Hurricane #Sandy ,Caution and advice,,meggy009,,,,"City of New York, New York, United States","40.7127281, -74.0060152",40.7127281,-74.0060152
227175971,False,finalized,3,12/10/2012 14:44:08,,Other,1.0,All bridges tunnels in NYC closed except for Lincoln Tunnel bridges tunnels in NYC closed tunnels in NYC closed,N/A n/a n/A,New York ,Informative (Indirect),,All bridges tunnels in NYC closed except for Lincoln Tunnel. #sandyonfox ,All bridges tunnels in NYC closed except for Lincoln Tunnel. #sandyonfox ,Caution and advice,,MyFoxNY,,,,"City of New York, New York, United States","40.7127281, -74.0060152",40.7127281,-74.0060152
227175972,False,finalized,3,12/8/2012 19:41:40,Cuomo,Other,0.7358,closing of NYC bridges closing of NYC bridges closing of NYC bridges,by 7pm n/a 7pm,New York ,Informative (Indirect),,.@NYGovCuomo orders closing of NYC bridges. Only Staten Island bridges unaffected at this time. Bridges must close by 7pm. #Sandy #NYC,RT @weatherchannel: .@NYGovCuomo orders closing of NYC bridges. Only Staten Island bridges unaffected at this time. Bridges must close by 7pm. #Sandy #NYC,Caution and advice,,Nelmcadoo,,,,"City of New York, New York, United States","40.7127281, -74.0060152",40.7127281,-74.0060152
227175973,False,finalized,3,12/8/2012 20:37:58,,Other,0.6771,BLIZZARD WARNINGS BLIZZARD WARNINGS IN WEST VIRGINIA BLIZZARD WARNINGS, N/A WHILE HURRICANE SANDY THREATENS,West Virginia ,Informative (Indirect),,BLIZZARD WARNINGS IN WEST VIRGINIA ÃƒÆ’Ã‚Â¤ÃƒÆ’Ã‚Â³ÃƒÆ’Ã‚Â® WHILE HURRICANE SANDY THREATENS: ,RT @gretawire: BLIZZARD WARNINGS IN WEST VIRGINIA ÃƒÆ’Ã‚Â¤ÃƒÆ’Ã‚Â³ÃƒÆ’Ã‚Â® WHILE HURRICANE SANDY THREATENS: ,Caution and advice,,normsantos,,,,"West Virginia, United States","38.4758406, -80.8408415",38.4758406,-80.8408415
227175974,False,finalized,3,12/8/2012 19:49:16,Delta,Other,1.0,plan to resume some NYC flights plan to resume some NYC flights plan to resume some NYC flights,Tuesday Tuesday on Tuesday,New York ,Informative (Indirect),,Delta has what seems like a very optimistic plan to resume some NYC flights on Tuesday: ,Delta has what seems like a very optimistic plan to resume some NYC flights on Tuesday: ,Caution and advice,,NYCAviation,,,,"City of New York, New York, United States","40.7127281, -74.0060152",40.7127281,-74.0060152
227175975,False,finalized,3,12/8/2012 20:28:46,,Other,0.7122,Stay inside Stay inside try to relax don't go being macho and running into the water Stay inside try to relax,N/A N/A n/a,Nan ,Informative (Indirect),,In sum:  Stay inside try to relax don't go being macho and running into the water. #Sandy #MayorBloomberg,In sum:  Stay inside try to relax don't go being macho and running into the water. #Sandy #MayorBloomberg,Caution and advice,,nycTrend,,,,"Nanno, Ville d'Anaunia, Comunità della Val di Non, Provincia di Trento, Trentino-Alto Adige/Südtirol, 38093, Italia","46.3144754, 11.0480288",46.3144754,11.0480288
227175976,False,finalized,3,12/8/2012 20:32:02,CBS News National GeographicLimited,Other,0.6559,Limited train service resuming Limited train service resuming Limited train service resuming,after superstorm Sandy after superstorm Sandy after superstorm Sandy,New York ,Informative (Indirect),,Limited train service resuming in NYC after superstorm Sandy - CBS News: National GeographicLimited tra...  #newyork,Limited train service resuming in NYC after superstorm Sandy - CBS News: National GeographicLimited tra...  #newyork,Caution and advice,,NYNewYorkCity,,,,"City of New York, New York, United States","40.7127281, -74.0060152",40.7127281,-74.0060152
227175977,False,finalized,3,12/8/2012 19:44:30,,A hurricane sighting has been reported,0.6235,Sandy approaching Sandy Sandy approaching,N/A n/a n/a,Northeast United States ,Informative (Indirect),,Sandy approaching northeast U.S. ,Sandy approaching northeast U.S. ,Caution and advice,,optimismnow2,,,,"Northeast, Minneapolis, Hennepin County, Minnesota, 55418, United States","45.0157576, -93.2512895",45.0157576,-93.2512895
227175978,False,finalized,3,12/10/2012 14:34:14,ZagatNYC,Other,1.0,restos playing it by ear during #Sandy restos playing it by ear during #Sandy list of what's open,during #Sandy playing it by ear n/A,New York ,Informative (Indirect),,MT @ZagatNYC: NYC restos playing it by ear during #Sandy. Props to @EaterNY on their list of what's open ÃƒÆ’Ã‚Â¤ÃƒÆ’Ã‚Â³ÃƒÆ’Ã‚Â®  @kale1919,MT @ZagatNYC: NYC restos playing it by ear during #Sandy. Props to @EaterNY on their list of what's open ÃƒÆ’Ã‚Â¤ÃƒÆ’Ã‚Â³ÃƒÆ’Ã‚Â®  @kale1919,Caution and advice,,PaulBell55,,,,"City of New York, New York, United States","40.7127281, -74.0060152",40.7127281,-74.0060152
227175979,False,finalized,3,12/8/2012 19:34:10,RedCross,Other,1.0,Hurricane app can help you recover from #Sandy Hurricane app can help you recover Hurricane app can help you recover from #Sandy,N/A  n/a,Nan ,Informative (Indirect),,#RedCross Hurricane app can help you recover from #Sandy. Go to the Prepare tab then hit ÃƒÆ’Ã‚Â¤ÃƒÆ’Ã‚Â³ÃƒÆ’Ã‚Â¬AfterÃƒÆ’Ã‚Â¤ÃƒÆ’Ã‚Â³Ãƒâ€šÃ‚Â. ,RT @RedCross: #RedCross Hurricane app can help you recover from #Sandy. Go to the Prepare tab then hit ÃƒÆ’Ã‚Â¤ÃƒÆ’Ã‚Â³ÃƒÆ’Ã‚Â¬AfterÃƒÆ’Ã‚Â¤ÃƒÆ’Ã‚Â³Ãƒâ€šÃ‚Â. ,Caution and advice,,PiedmontHousing,,,,"Nanno, Ville d'Anaunia, Comunità della Val di Non, Provincia di Trento, Trentino-Alto Adige/Südtirol, 38093, Italia","46.3144754, 11.0480288",46.3144754,11.0480288
227175980,False,finalized,3,12/10/2012 14:23:06,,A shelter is open or available,1.0,safe place to stay shelter info avail. shelter, n/a N/A,Nan ,Informative (Indirect),,If you need a safe place to stay shelter info avail. in #Hurricane app  & . #Sandy,RT @RedCross: If you need a safe place to stay shelter info avail. in #Hurricane app  & . #Sandy,Caution and advice,,PoppenReport,,,,"Nanno, Ville d'Anaunia, Comunità della Val di Non, Provincia di Trento, Trentino-Alto Adige/Südtirol, 38093, Italia","46.3144754, 11.0480288",46.3144754,11.0480288
227175981,False,finalized,3,12/8/2012 19:29:26,IFWT Experts,A hurricane warning has been issued or has been lifted,1.0,When Hurricane Sandy Unleashes Her Fury 8 O'Clock Is When Hurricane Sandy Unleashes Her Fury Hurricane Sandy Unleashes Her Fury,8 O'Clock 8 O'Clock 8 O'Clock,New York ,Informative (Indirect),,#IFWT Experts Say 8 O'Clock Is When Hurricane Sandy Unleashes Her Fury On NYC - ,RT @funkmasterflex: #IFWT Experts Say 8 O'Clock Is When Hurricane Sandy Unleashes Her Fury On NYC - ,Caution and advice,,RealMGillette,,,,"City of New York, New York, United States","40.7127281, -74.0060152",40.7127281,-74.0060152
227175982,False,finalized,3,12/10/2012 14:37:37,SkyNews,A hurricane sighting has been reported,1.0,Hurricane Sandy hits landfall The latest as Hurricane Sandy hits landfall. hits landfall,throughout the night throughout the night throughout the night,Nan ,Informative (Indirect),,The latest as Hurricane Sandy hits landfall. Rolling news coverage @SkyNews throughout the night,RT @skynewspip: The latest as Hurricane Sandy hits landfall. Rolling news coverage @SkyNews throughout the night,Caution and advice,,RNorthumberland,,,,"Nanno, Ville d'Anaunia, Comunità della Val di Non, Provincia di Trento, Trentino-Alto Adige/Südtirol, 38093, Italia","46.3144754, 11.0480288",46.3144754,11.0480288
227175983,False,finalized,3,12/10/2012 06:12:57,weatherchannel Cuomo,Other,1.0,closing of NYC bridges NYGovCuomo orders closing of NYC bridges closing of NYC bridges,by 7pm by 7pm. 7pm,New York ,Informative (Indirect),,RT @weatherchannel: @NYGovCuomo orders closing of NYC bridges. Only Staten Island bridges unaffected at this time. Must close by 7pm. #Sandy,RT @AsburyParkPress: RT @weatherchannel: @NYGovCuomo orders closing of NYC bridges. Only Staten Island bridges unaffected at this time. Must close by 7pm. #Sandy,Caution and advice,,rumsoncds,,,,"City of New York, New York, United States","40.7127281, -74.0060152",40.7127281,-74.0060152
227175984,False,finalized,3,12/8/2012 20:24:35,,A shelter is open or available,1.0,List of NJ PA and DE shelters List of NJ PA and DE shelters List of NJ PA and DE shelters,N/A N/A n/a,New Jersey ,Informative (Indirect),,ALERT: List of NJ PA and DE shelters - including those that are pet friendly  #sandy #sandypets,RT @ASPCA: ALERT: List of NJ PA and DE shelters - including those that are pet friendly  #sandy #sandypets,Caution and advice,,SallyMos,,,,"New Jersey, United States","40.0757384, -74.4041622",40.0757384,-74.4041622
227175984,False,finalized,3,12/8/2012 20:24:35,,A shelter is open or available,1.0,List of NJ PA and DE shelters List of NJ PA and DE shelters List of NJ PA and DE shelters,N/A N/A n/a,Pennsylvania ,Informative (Indirect),,ALERT: List of NJ PA and DE shelters - including those that are pet friendly  #sandy #sandypets,RT @ASPCA: ALERT: List of NJ PA and DE shelters - including those that are pet friendly  #sandy #sandypets,Caution and advice,,SallyMos,,,,"Pennsylvania, United States","40.9699889, -77.7278831",40.9699889,-77.7278831
227175984,False,finalized,3,12/8/2012 20:24:35,,A shelter is open or available,1.0,List of NJ PA and DE shelters List of NJ PA and DE shelters List of NJ PA and DE shelters,N/A N/A n/a,Delaware ,Informative (Indirect),,ALERT: List of NJ PA and DE shelters - including those that are pet friendly  #sandy #sandypets,RT @ASPCA: ALERT: List of NJ PA and DE shelters - including those that are pet friendly  #sandy #sandypets,Caution and advice,,SallyMos,,,,"Delaware, United States","38.6920451, -75.4013315",38.6920451,-75.4013315
227175985,False,finalized,3,12/8/2012 19:14:13,,A hurricane warning has been issued or has been lifted,0.7122,Sandy is coming Sandy is coming and it is full of anger! Sandy is coming,N/A N/A n/a,New York ,Informative (Indirect),,#Sandy is coming and it is full of anger! #Storm #NYC ,#Sandy is coming and it is full of anger! #Storm #NYC ,Caution and advice,,satantoine,,,,"City of New York, New York, United States","40.7127281, -74.0060152",40.7127281,-74.0060152
227175986,False,finalized,3,12/8/2012 20:57:21,,Other,1.0,the time for evacuation time for evacuation is now over time for evacuation is now over,now over now now,New York ,Informative (Indirect),,the time for evacuation is now over - mike bloomberg. | #nyc #sandy,the time for evacuation is now over - mike bloomberg. | #nyc #sandy,Caution and advice,,shaunrandol,,,,"City of New York, New York, United States","40.7127281, -74.0060152",40.7127281,-74.0060152
227175987,False,finalized,3,12/8/2012 20:28:46,,Other,1.0,Broadway performances in NYC Monday 10/29 and Tuesday 10/30 have been cancelled All Broadway performances in NYC Monday 10/29 and Tuesday 10/30 have been cancelled All Broadway performances in NYC Monday 10/29 and Tuesday 10/30 have been cancelled,Monday 10/29 and Tuesday 10/30 Monday 10/29 and Tuesday 10/30 Monday 10/29 and Tuesday 10/30,New York ,Informative (Indirect),,UPDATE: All Broadway performances in NYC Monday 10/29 and Tuesday 10/30 have been cancelled. #Sandy More info: ,RT @TheBwayLeague: UPDATE: All Broadway performances in NYC Monday 10/29 and Tuesday 10/30 have been cancelled. #Sandy More info: ,Caution and advice,,Shirlz1123,,,,"City of New York, New York, United States","40.7127281, -74.0060152",40.7127281,-74.0060152
227175988,False,finalized,3,12/8/2012 19:49:16,ABC News,Other,1.0,Christie postpones Halloween celebrations Christie postpones Halloween celebrations Christie postpones Halloween celebrations,N/A N/A Halloween,New Jersey ,Informative (Indirect),,Christie postpones Halloween celebrations in New Jersey - USA TODAY: ABC NewsChristie postpones Halloween celebr... ,Christie postpones Halloween celebrations in New Jersey - USA TODAY: ABC NewsChristie postpones Halloween celebr... ,Caution and advice,,ShowCars1,,,,"New Jersey, United States","40.0757384, -74.4041622",40.0757384,-74.4041622
227175989,False,finalized,3,12/8/2012 19:56:15,BudgetTravel,Other,1.0,Stranded because of #Sandy? Stranded because of #Sandy? Here's what you need to know Stranded because of #Sandy? Here's what you need to know,N/A N/A n/a,Nan ,Informative (Indirect),,RT @BudgetTravel: Stranded because of #Sandy? Here's what you need to know--#airline by airline  #Frankenstorm,RT @dfwairport: RT @BudgetTravel: Stranded because of #Sandy? Here's what you need to know--#airline by airline  #Frankenstorm,Caution and advice,,SKSMediaCanada,,,,"Nanno, Ville d'Anaunia, Comunità della Val di Non, Provincia di Trento, Trentino-Alto Adige/Südtirol, 38093, Italia","46.3144754, 11.0480288",46.3144754,11.0480288
227175990,False,finalized,3,12/8/2012 20:34:51,UN,Other,1.0,UNHQ in NYC will be also be closed UNHQ in NYC will be also be closed on Tuesday UNHQ in NYC will be also be closed,Tuesday Tuesday Tuesday,New York ,Informative (Indirect),,RT @UN: UNHQ in NYC will be also be closed on Tuesday due to Hurricane #Sandy. More info here: ,RT @UN: UNHQ in NYC will be also be closed on Tuesday due to Hurricane #Sandy. More info here: ,Caution and advice,,sncyf,,,,"City of New York, New York, United States","40.7127281, -74.0060152",40.7127281,-74.0060152
227175991,False,finalized,3,12/8/2012 19:00:16,,A hurricane warning has been issued or has been lifted,0.6523,Any time over the next hour It should be here #sandy Any time over the next hour It should be here It should be here,Any time over the next hour Any time over the next hour over the next hour,New York ,Informative (Indirect),,Any time over the next hour It should be here #sandy #NYC,Any time over the next hour It should be here #sandy #NYC,Caution and advice,,Sorcha_Ellie,,,,"City of New York, New York, United States","40.7127281, -74.0060152",40.7127281,-74.0060152
227175992,False,finalized,3,12/8/2012 19:14:13,Bloomberg thematthewkeys,Other,1.0,ConEd may shut down power ConEd may shut down power in southern Brooklyn and lower Manhattan may shut down power,N/A N/A n/a,Brooklyn ,Informative (Indirect),,RT @thematthewkeys: NYC Mayor Bloomberg: ConEd may shut down power in southern Brooklyn and lower Manhattan. #Sandy,RT @breakingweather: RT @thematthewkeys: NYC Mayor Bloomberg: ConEd may shut down power in southern Brooklyn and lower Manhattan. #Sandy,Caution and advice,,StephTweet,,,,"Brooklyn, Kings County, City of New York, New York, United States","40.6526006, -73.9497211",40.6526006,-73.9497211
227175992,False,finalized,3,12/8/2012 19:14:13,Bloomberg thematthewkeys,Other,1.0,ConEd may shut down power ConEd may shut down power in southern Brooklyn and lower Manhattan may shut down power,N/A N/A n/a,Manhattan ,Informative (Indirect),,RT @thematthewkeys: NYC Mayor Bloomberg: ConEd may shut down power in southern Brooklyn and lower Manhattan. #Sandy,RT @breakingweather: RT @thematthewkeys: NYC Mayor Bloomberg: ConEd may shut down power in southern Brooklyn and lower Manhattan. #Sandy,Caution and advice,,StephTweet,,,,"Manhattan, New York County, City of New York, New York, United States","40.7896239, -73.9598939",40.7896239,-73.9598939
227175993,False,finalized,3,12/10/2012 14:30:43,,Other,1.0,Public transit closed Public transit in NYC will be closed Public transit will be closed,tomorrow morning tomorrow morning and remain closed throughout the day tomorrow morning,New York ,Informative (Indirect),,Public transit in NYC will be closed tomorrow morning and remain closed throughout the day.  #Sandy,RT @AntDeRosa: Public transit in NYC will be closed tomorrow morning and remain closed throughout the day.  #Sandy,Caution and advice,,Stevie_Bo,,,,"City of New York, New York, United States","40.7127281, -74.0060152",40.7127281,-74.0060152
227175994,False,finalized,3,12/8/2012 19:00:16,Bloomberg,Other,1.0,City employees should work City employees should come to work provided they can do so safely employees should come to work, N/A n/a,New York ,Informative (Indirect),,NYC Mayor Bloomberg: City employees should come to work provided they can do so safely. #Sandy,RT @TheMatthewKeys: NYC Mayor Bloomberg: City employees should come to work provided they can do so safely. #Sandy,Caution and advice,,SupermanHotMale,,,,"City of New York, New York, United States","40.7127281, -74.0060152",40.7127281,-74.0060152
227175995,False,finalized,3,12/10/2012 14:37:37,,Other,1.0,Bellevue Hospital Hospital Set to Evacuate Set to Evacuate,n/a After Sandy After Sandy,New York ,Informative (Indirect),,Prayers!! RT @jacquereid: RT @ABC: New York's Bellevue Hospital Set to Evacuate After Sandy ,Prayers!! RT @jacquereid: RT @ABC: New York's Bellevue Hospital Set to Evacuate After Sandy ,Caution and advice,,Syreta,,,,"City of New York, New York, United States","40.7127281, -74.0060152",40.7127281,-74.0060152
227175995,False,finalized,3,12/10/2012 14:37:37,,Other,1.0,Bellevue Hospital Hospital Set to Evacuate Set to Evacuate,n/a After Sandy After Sandy,Bellevue Hospital Center ,Informative (Indirect),,Prayers!! RT @jacquereid: RT @ABC: New York's Bellevue Hospital Set to Evacuate After Sandy ,Prayers!! RT @jacquereid: RT @ABC: New York's Bellevue Hospital Set to Evacuate After Sandy ,Caution and advice,,Syreta,,,,"NYC Health + Hospitals/Bellevue, 462, 1st Avenue, Manhattan Community Board 6, Manhattan, New York County, City of New York, New York, 10010, United States","40.73926685, -73.9753335599207",40.73926685,-73.9753335599207
227175996,False,finalized,3,12/10/2012 06:12:57,,Other,1.0,All federal government offices in and around Washington will be closed government offices in and around Washington will be closed federal government offices in and around Washington will be closed,Tuesday Tuesday Tuesday,Washington ,Informative (Indirect),,All federal government offices in and around Washington will be closed Tuesday. #HurricaneSandy ,RT @cnnbrk: All federal government offices in and around Washington will be closed Tuesday. #HurricaneSandy ,Caution and advice,,UUgeh,,,,"Washington, District of Columbia, United States","38.8950368, -77.0365427",38.8950368,-77.0365427
227175997,False,finalized,3,12/10/2012 14:44:08,NYTMetro,Other,0.6631,Limited commuter rail service to resume Limited commuter rail service to resume rail service to resume,2 p.m. Wednesday 2 p.m. Wednesday 2 p.m,New York ,Informative (Indirect),,RT @NYTMetro: Limited commuter rail service to resume in New York at 2 p.m. Wednesday ,RT @nytimes: RT @NYTMetro: Limited commuter rail service to resume in New York at 2 p.m. Wednesday ,Caution and advice,,VivaLaSlim,,,,"City of New York, New York, United States","40.7127281, -74.0060152",40.7127281,-74.0060152
227175998,False,finalized,3,12/8/2012 20:50:28,Bloomberg NYMag,A hurricane warning has been issued or has been lifted,0.3614,most severe part of the hurricane most severe part of the hurricane is now beginning The most severe part of the hurricane is now beginning,now beginning now now,New York ,Informative (Indirect),,RT @NYMag: Mayor Bloomberg: The most severe part of the hurricane is now beginning. #NYC still v. much within danger zone. #Sandy,RT @emoticomma: RT @NYMag: Mayor Bloomberg: The most severe part of the hurricane is now beginning. #NYC still v. much within danger zone. #Sandy,Caution and advice,,wlynnae,,,,"City of New York, New York, United States","40.7127281, -74.0060152",40.7127281,-74.0060152
227175999,False,finalized,3,12/8/2012 19:09:26,,Other,1.0,Airports and stock exchange reopen Airports and stock exchange reopen Airports and stock exchange reopen; NJ devastated,N/A N/A n/a,New Jersey ,Informative (Indirect),,LATEST | Airports and stock exchange reopen; NJ devastated: Two major airports reopened and the floor of the New... ,LATEST | Airports and stock exchange reopen; NJ devastated: Two major airports reopened and the floor of the New... ,Caution and advice,,TheSunNews,,,,"New Jersey, United States","40.0757384, -74.4041622",40.0757384,-74.4041622
