_unit_id,_golden,_unit_state,_trusted_judgments,_last_judgment_at,hom_many_injured_or_dead_if_people,people_or_infrastructure,people_or_infrastructure:confidence,what_infrastructure_was_damaged_if_infrastructure,category,hom_many_injured_or_dead_if_people_gold,people_or_infrastructure_gold,text_no_rt,tweet,type,user,what_infrastructure_was_damaged_if_infrastructure_gold,where,address,state,point,latitude,longitude
227175113,True,golden,12,11232012 143601,28,People dead,10,Nan,Informative Direct or Indirect,28,People dead,28 deaths due to Hurricane Sandy  Charlotte taking a twitbreak  Ellen probably dead  Worst day ever,RT HenderGrande 28 deaths due to Hurricane Sandy  Charlotte taking a twitbreak  Ellen probably dead  Worst day ever,Casualties and damage,1EmmaHenderson,,Nan,Nan,Nan,Nan,Nan,
227175115,True,golden,7,11232012 090919,0,Infrastructure building bridge road etc damage,5353,Scaffolding Toppling Car ,Informative Direct or Indirect,,Infrastructure building bridge road etc damage,RT nowthised Wider shot of scaffolding toppling car on CPW and 92nd across from Central ParkNYC nowthisnews sandy httptcoivkExinW,RT twchurricane RT nowthised Wider shot of scaffolding toppling car on CPW and 92nd across from Central ParkNYC nowthisnews sandy httptcoivkExinW,Casualties and damage,AbrahamAkiva,scaffolding toppling car shot of scaffolding toppling car car,Central Park,"Central Park, New York County, City of New York, New York, United States",New York,"40.7827725,-73.9653627406542",40.7827725,-73.9653627406542
227175116,True,golden,11,11232012 132051,0,Both people and infrastructure,5651,Millions Without Power Thousands Home Flooded,Informative Direct or Indirect,NA Na,Both people and infrastructure,Sandy death toll climbs millions remain without power Thousands of homes are flooded others destroyed,Sandy death toll climbs millions remain without power Thousands of homes are flooded others destroyed,Casualties and damage,alexandermimi,millions remain without power  electricity damaged Thousands of homes are flooded others destroyed Thousands of homes are flooded others destroyed Thousands of homes are flooded others destroyed millions remain without power Thousands of homes are flooded others destroyed thousands of homes homes are flooded others destroyed power homes homes Thousands of homes,Nan,Nan,Nan,Nan,Nan,
227175117,True,golden,15,11232012 142553,0,Infrastructure building bridge road etc damage,10,Flooding Subway,Informative Direct or Indirect,,Infrastructure building bridge road etc damage,Extensive flooding in all subway tunnels says Bloomberg Its going to be a big problem to get them back going sandy,RT emmagkeller Extensive flooding in all subway tunnels says Bloomberg Its going to be a big problem to get them back going sandy,Casualties and damage,alischaw,all subway tunnels Extensive flooding in all subway tunnels subway tunnels Extensive flooding in all subway tunnels says Bloomberg I Extensive flooding flooding in subway channels extensive flooding in all the sub ways flooding in all subway tunnels flooding,Nan,Nan,Nan,Nan,Nan,
227175118,True,golden,12,11232012 135920,40,People dead,10,Nan,Informative Direct or Indirect,40,People dead,40 people killed during Super Storm Sandy Dont understand how in a major city they didnt stay indoors or found a shelter,40 people killed during Super Storm Sandy Dont understand how in a major city they didnt stay indoors or found a shelter,Casualties and damage,CalumWilcock,,Nan,Nan,Nan,Nan,Nan,
227175119,True,golden,9,11232012 141554,0,Infrastructure building bridge road etc damage,10,Sewage Plant,Informative Direct or Indirect,,Infrastructure building bridge road etc damage,BREAKING New Jersey sewage plant hit by Sandy Ultimate shitstorm imminent for the East Coast BREAKING,BREAKING New Jersey sewage plant hit by Sandy Ultimate shitstorm imminent for the East Coast BREAKING,Casualties and damage,couchpotatoes2,sewage plant,New Jersey,"New Jersey, United States",New Jersey,"40.0757384,-74.4041622",40.0757384,-74.4041622
227175120,True,golden,10,11232012 143849,0,Infrastructure building bridge road etc damage,6308,Boat Lies Across Railroad Tracks,Informative Direct or Indirect,,Infrastructure building bridge road etc damage,A boat lies across the railroad tracks near MetroNorths Ossining station httptco952JfSHe Sandy SandyNYC,RT aadragna A boat lies across the railroad tracks near MetroNorths Ossining station httptco952JfSHe Sandy SandyNYC,Casualties and damage,CrawfordRainaL,boat ,Ossining Station,"Ossining, 1, Main Street, Village of Ossining, Town of Ossining, Westchester County, New York, 10562, United States",New York,"41.157521,-73.8691164",41.157521,-73.8691164
227175121,True,golden,8,11232012 132051,0,Infrastructure building bridge road etc damage,7965,Documents Historical Collection Damaged,Informative Direct or Indirect,,Infrastructure building bridge road etc damage,We are worried about the UN documents historical collection that might have been damaged by Sandy We will keep you posted,RT UNLibrary We are worried about the UN documents historical collection that might have been damaged by Sandy We will keep you posted,Casualties and damage,Danzig661,UN documents historical collection historical collection UN documents historical collection UN documents historical collections the UN documents historical collection UN documents historical collection that might have been damaged,Nan,Nan,Nan,Nan,Nan,
227175122,False,golden,3,11222012 175656,0,Infrastructure building bridge road etc damage,10,Nan,Informative Direct or Indirect,,Infrastructure building bridge road etc damage Not damagerelated,leeannderthol No the aquarium building itself is fine and there have been no reports of lost animals httptcoyU3tFibK,leeannderthol No the aquarium building itself is fine and there have been no reports of lost animals httptcoyU3tFibK,Casualties and damage,djramone13,aquarium building,Nan,Nan,Nan,Nan,Nan,
227175124,False,golden,6,11222012 163126,0,Infrastructure building bridge road etc damage,3719,Without Power,Informative Direct or Indirect,,Infrastructure building bridge road etc damage,Nearly All Of Weston Without Power After Hurricane Sandy Tues AM httptcoSFaCqMFv,Nearly All Of Weston Without Power After Hurricane Sandy Tues AM httptcoSFaCqMFv,Casualties and damage,EastonDV,Power Weston Without Power Weston Without Power,Weston Connecticut,"Weston, Fairfield County, Connecticut, 06883, United States",Connecticut,"41.2021302,-73.3812743",41.2021302,-73.3812743
227175125,True,golden,10,11232012 135534,94,People dead,9098,Nan,Informative Direct or Indirect,94,People dead,Latest death toll from Sandy is 94 overall including 26 in the US httptco0aJUD1SS,RT cnnbrk Latest death toll from Sandy is 94 overall including 26 in the US httptco0aJUD1SS,Casualties and damage,GabrielaNicole,,Nan,Nan,Nan,Nan,Nan,
227175126,False,golden,6,11222012 175242,0,Not damagerelated,8321,Nan,Informative Direct or Indirect,,Infrastructure building bridge road etc damage,The four zoos in NYC say not a single animal was injured in Sandy via LaraSpencer L,RT gma The four zoos in NYC say not a single animal was injured in Sandy via LaraSpencer L,Casualties and damage,gfreeislife,zoos,Nan,Nan,Nan,Nan,Nan,
227175128,True,golden,9,11232012 143601,0,People dead,8955,Nan,Informative Direct or Indirect,,People dead,Sandy fury kills in NY Hmm balasan tuhan kot sbb the innocence of muslims,RT maiymartiny Sandy fury kills in NY Hmm balasan tuhan kot sbb the innocence of muslims,Casualties and damage,husnajer,,Nan,Nan,Nan,Nan,Nan,
227175129,True,golden,14,11232012 143601,0,Not specified maybe people or infrastructure,3713,Nan,Informative Direct or Indirect,,Infrastructure building bridge road etc damage Not specified maybe people or infrastructure,Sandy casualty frankenstorm nyc westvillage httptcogy9s6nwW,Sandy casualty frankenstorm nyc westvillage httptcogy9s6nwW,Casualties and damage,JHubbell,,Nan,Nan,Nan,Nan,Nan,
227175130,False,golden,4,11232012 142126,0,People dead,10,Nan,Informative Direct or Indirect,7588  7588 deaths 604045 cases 7588 deaths 604045 cases,People dead,Cholera update 1019 7588 deaths 604045 cases Over 100 cases in PaP alone each of last 4 days of reporting Only get worse w sandy,Cholera update 1019 7588 deaths 604045 cases Over 100 cases in PaP alone each of last 4 days of reporting Only get worse w sandy,Casualties and damage,JakobJohnston,Cholera deaths,Nan,Nan,Nan,Nan,Nan,
227175131,True,golden,10,11232012 134314,0,Not damagerelated,5069,Nan,Informative Direct or Indirect,,Not damagerelated,If Sandy causes major damage FEMA stands ready to deliver Soy Lattes to NYCs Upper West Side,RT JohnFugelsang If Sandy causes major damage FEMA stands ready to deliver Soy Lattes to NYCs Upper West Side,Casualties and damage,Jetsetter23,,Nan,Nan,Nan,Nan,Nan,
227175133,True,golden,11,11232012 133127,0,Infrastructure building bridge road etc damage,7402,Without Power 300000 Customers ,Informative Direct or Indirect,,Infrastructure building bridge road etc damage,JUST IN Nearly 300000 customers are WITHOUT power in 7 states where Hurricane Sandy is having an impact NJ has the most at 92000,RT CNNweather JUST IN Nearly 300000 customers are WITHOUT power in 7 states where Hurricane Sandy is having an impact NJ has the most at 92000,Casualties and damage,lovemuhfaves,power,7 States,"7, North Main Street, Village of Ellenville, Town of Wawarsing, Ulster County, New York, 12428, United States",New York,"41.7241303,-74.38970966780423",41.7241303,-74.38970966780423
227175134,False,golden,5,11222012 151238,0,Infrastructure building bridge road etc damage,8886,Subway,Informative Direct or Indirect,,Infrastructure building bridge road etc damage Not damagerelated,NYC is a disaster Nothing like this since 911 Subways will be shut down for days What a nightmare Thanks for nothing Sandy,NYC is a disaster Nothing like this since 911 Subways will be shut down for days What a nightmare Thanks for nothing Sandy,Casualties and damage,Mizchefcooks,,Nan,Nan,Nan,Nan,Nan,
227175135,True,golden,2,11232012 025824,50,Both people and infrastructure,10,Without Power,Informative Direct or Indirect,at least 50,Both people and infrastructure,Sandy latest at least 50 people dead more than 8million wo power in 17 states 61000 New Yorkers are staying in shelters,RT AnaCabrera Sandy latest at least 50 people dead more than 8million wo power in 17 states 61000 New Yorkers are staying in shelters,Casualties and damage,MShafferforHD51,power,Nan,Nan,Nan,Nan,Nan,
227175136,True,golden,11,11232012 142400,0,Not specified maybe people or infrastructure,5693,Nan,Informative Direct or Indirect,,Not specified maybe people or infrastructure Not damagerelated,The aftermath of hurricane sandy ohman httptco5wFfXsRH,The aftermath of hurricane sandy ohman httptco5wFfXsRH,Casualties and damage,mullen74d,,Nan,Nan,Nan,Nan,Nan,
227175137,True,golden,10,11232012 131334,36,People dead,10,Nan,Informative Direct or Indirect,36,People dead,36 deaths already from hurricane Sandy so sad My prayers go out to all the people that were impacted Sandy praying,36 deaths already from hurricane Sandy so sad My prayers go out to all the people that were impacted Sandy praying,Casualties and damage,oliviaa27,,Nan,Nan,Nan,Nan,Nan,
227175140,False,golden,6,11232012 025630,0,Not damagerelated,6526,Nan,Informative Direct or Indirect,0,Not damagerelated,Winning RT WSJweather No fatalities in Sandy so far in NYC,RT moneyries Winning RT WSJweather No fatalities in Sandy so far in NYC,Casualties and damage,shultzjulia,,Nan,Nan,Nan,Nan,Nan,
227175142,True,golden,12,11232012 140712,39,People dead,518,Without Power,Informative Direct or Indirect,at least 39 39 dead At least 39 least 39 dead 39,People dead Both people and infrastructure,At least 39 dead millions without power in Sandys aftermath httptcoNfqV1oYV,At least 39 dead millions without power in Sandys aftermath httptcoNfqV1oYV,Casualties and damage,yahoofrases,power without power in Sandys aftermath millions without power,Nan,Nan,Nan,Nan,Nan,
227175145,True,golden,8,11232012 131334,0,Infrastructure building bridge road etc damage,6725,Without Power,Informative Direct or Indirect,,Infrastructure building bridge road etc damage,Most of manhattan below 39st is still without power nyc sandy,RT LBOOGSHH Most of manhattan below 39st is still without power nyc sandy,Casualties and damage,YoJWhatsUp,power,39th Street Manhattan,"39th Street, Manhattan Beach, Los Angeles County, California, 90266, United States",California,"33.9021324,-118.4186911",33.9021324,-118.4186911
227175146,True,golden,12,11232012 143601,0,Infrastructure building bridge road etc damage,10,Building Losing Glass,Informative Direct,,Infrastructure building bridge road etc damage,Wind a big problem in NYC This midtown building is losing glass police clearing streets now sandy httptcoQv6lQIzT,RT ryansmithtv Wind a big problem in NYC This midtown building is losing glass police clearing streets now sandy httptcoQv6lQIzT,Casualties and damage,bennyfactor,building midtown building is losing glass This midtown building is losing glass midtown building,Midtown,"Midtown, Manhattan, New York County, City of New York, New York, United States",New York,"40.7601024,-73.97817335537326",40.7601024,-73.97817335537326
227175148,False,finalized,3,11232012 025246,0,Infrastructure building bridge road etc damage,10,Nan,Informative Direct,,,Michigan feels Superstorm Sandy pain with power outages high winds waves httptcoOjgQfaC1 green news,Michigan feels Superstorm Sandy pain with power outages high winds waves httptcoOjgQfaC1 green news,Casualties and damage,ehsnewsorg,,Nan,Nan,Nan,Nan,Nan,
227175149,False,finalized,3,11232012 093505,0,People dead,10,Nan,Informative Direct,,,Dear AP people died from Sandy in places other than the USA,RT wheeliesmom Dear AP people died from Sandy in places other than the USA,Casualties and damage,haloefekti,,Nan,Nan,Nan,Nan,Nan,
227175150,False,finalized,4,11232012 143849,0,Not damagerelated,5008,Tree,Informative Direct,,,Lots of trees down in our nabe but no serious damage Ive yet seen Jackson Heights QNS nyc sandy httptcopUiWapd0,Lots of trees down in our nabe but no serious damage Ive yet seen Jackson Heights QNS nyc sandy httptcopUiWapd0,Casualties and damage,illuminantceo,,Nan,Nan,Nan,Nan,Nan,
227175151,False,finalized,4,11232012 091919,0,Not specified maybe people or infrastructure,505,Nan,Informative Direct,,,Awnings down sandy nyc httptcoILJWG7KR,Awnings down sandy nyc httptcoILJWG7KR,Casualties and damage,JaimeeRose,,Nan,Nan,Nan,Nan,Nan,
227175153,False,finalized,4,11232012 151659,0,Infrastructure building bridge road etc damage,7477,Car Cop,Informative Direct,,,MT jsjohnst flood Cop car in the middle of street has water up over the bottom of the car loc Avenue C  23rd Street Sandy nyc,MT jsjohnst flood Cop car in the middle of street has water up over the bottom of the car loc Avenue C  23rd Street Sandy nyc,Casualties and damage,kate30dev,,Nan,Nan,Nan,Nan,Nan,
227175156,False,finalized,3,11232012 135920,0,Infrastructure building bridge road etc damage,6818,Tree,Informative Direct,,,MT ZaidaGrunes ParkSlope Brooklyn Huge Downed Tree taken by jayobey93 Sandy Frankenstorm NYC DNAinfo httptcouzZQe1Ee,MT ZaidaGrunes ParkSlope Brooklyn Huge Downed Tree taken by jayobey93 Sandy Frankenstorm NYC DNAinfo httptcouzZQe1Ee,Casualties and damage,MathewKatz,,Nan,Nan,Nan,Nan,Nan,
227175157,False,finalized,3,11232012 031444,0,Infrastructure building bridge road etc damage,10,Street,Informative Direct,,,my street is almost starting to flood like by the end of the day sandy woo P,my street is almost starting to flood like by the end of the day sandy woo P,Casualties and damage,mshoran93,,Nan,Nan,Nan,Nan,Nan,
227175158,False,finalized,3,11232012 091919,0,Infrastructure building bridge road etc damage,10,Crane,Informative Direct,,,Crane on 57 street collapsed So dangerous NYC Hurricane Sandy httptcos6T3oHtR,RT MELANIATRUMP Crane on 57 street collapsed So dangerous NYC Hurricane Sandy httptcos6T3oHtR,Casualties and damage,pindabaas,,57th Street,"57th Street, 6th Avenue, Manhattan Community Board 5, Manhattan, New York County, City of New York, New York, 10019, United States",New York,"40.763972,-73.97745",40.763972,-73.97745
227175159,False,finalized,4,11232012 143849,0,Not specified maybe people or infrastructure,5318,Debris,Informative Direct,,,Most of the water in NYC had receded but debris is everywhere Movement around LI is going to be difficult at best sandy,Most of the water in NYC had receded but debris is everywhere Movement around LI is going to be difficult at best sandy,Casualties and damage,StormhunterTWN,,New York City,"City of New York, New York, United States",New York,"40.7127281,-74.0060152",40.7127281,-74.0060152
227175161,False,finalized,3,11232012 142553,39,Both people and infrastructure,6724,Without Power,Informative Indirect,,,At least 39 dead millions without power in Sandys aftermath httptcoWdvz8KK8,At least 39 dead millions without power in Sandys aftermath httptcoWdvz8KK8,Casualties and damage,3091004140882,,Nan,Nan,Nan,Nan,Nan,
227175163,False,finalized,3,11232012 025824,0,Not damagerelated,10,Nan,Informative Indirect,,,ok  things arent looking too bad for the GTA right now  httptco0lZOx9mA,RT sassjordan ok  things arent looking too bad for the GTA right now  httptco0lZOx9mA,Casualties and damage,953KROCK,,Nan,Nan,Nan,Nan,Nan,
227175164,False,finalized,3,11232012 135920,0,Infrastructure building bridge road etc damage,10,Tanker Washes,Informative Indirect,,,Superstorm Sandy washes up tanker onto New Yorks Staten Island Photo httptcoMNxRVJhf via GMA,RT BBCBreaking Superstorm Sandy washes up tanker onto New Yorks Staten Island Photo httptcoMNxRVJhf via GMA,Casualties and damage,99prcnt47percnt,,Staten Island,"Staten Island, City of New York, New York, United States",New York,"40.5834557,-74.1496048",40.5834557,-74.1496048
227175165,False,finalized,4,11232012 143849,0,Not specified maybe people or infrastructure,515,Nan,Informative Indirect,,,WOW scary RT Zamba4 Thats haunting Flooding alreadyRT doublebeee Wow NYC today Sandy httptcoFicisQqk,WOW scary RT Zamba4 Thats haunting Flooding alreadyRT doublebeee Wow NYC today Sandy httptcoFicisQqk,Casualties and damage,AMzTurree,,Nan,Nan,Nan,Nan,Nan,
227175166,False,finalized,4,11232012 143849,0,Infrastructure building bridge road etc damage,10,Without Power ,Informative Indirect,,,Sandy Storms Across Pennsylvania Leaving Flooded NYC in Dark httptco54sIVW57 via NewsmaxMedia,RT NewsmaxMedia Sandy Storms Across Pennsylvania Leaving Flooded NYC in Dark httptco54sIVW57 via NewsmaxMedia,Casualties and damage,aceichman,,New York City,"City of New York, New York, United States",New York,"40.7127281,-74.0060152",40.7127281,-74.0060152
227175167,False,finalized,3,11232012 031602,2,Both people and infrastructure,6365,Nan,Informative Indirect,,,NYPD source confirms 2 more sandy deaths in NYC Man 55 in flooded downtown Manhattan basement  14 yr old girl by Staten Island shore,RT Pervaizistan NYPD source confirms 2 more sandy deaths in NYC Man 55 in flooded downtown Manhattan basement  14 yr old girl by Staten Island shore,Casualties and damage,aipsun,,Nan,Nan,Nan,Nan,Nan,
227175168,False,finalized,3,11232012 135920,100,People dead,10,Nan,Informative Indirect,,,Superstorm SandyÃƒÆ’Ã‚Â¤ÃƒÆ’Ã‚Â³Ãƒâ€šÃ‚Â»s trail of destruction kills more than 100 httptcoKTKuDCeJ alarabiya Sandy USA httptcoQAerfZyT,Superstorm SandyÃƒÆ’Ã‚Â¤ÃƒÆ’Ã‚Â³Ãƒâ€šÃ‚Â»s trail of destruction kills more than 100 httptcoKTKuDCeJ alarabiya Sandy USA httptcoQAerfZyT,Casualties and damage,AlArabiyaUrdu,,Nan,Nan,Nan,Nan,Nan,
227175169,False,finalized,3,11232012 140345,50,Both people and infrastructure,6818,8 Million Without Power,Informative Indirect,,,Sandy kills 50 people nationwide 18 were New York City residents More than 8 million homes still without power across 17 states,RT 9NEWS Sandy kills 50 people nationwide 18 were New York City residents More than 8 million homes still without power across 17 states,Casualties and damage,AmeliaEarhart,,17 States,"Apt 58-99, 17, United States Highway 209, Town of Wawarsing, Ulster County, New York, 12428, United States",New York,"41.734086500000004,-74.38096924675384",41.734086500000004,-74.38096924675384
227175170,False,finalized,3,11232012 093814,0,Infrastructure building bridge road etc damage,10,Without Power 34 Million ,Informative Indirect,,,Bloomberg 34 of a million in NYC without power Sandy,RT NBCNewYork Bloomberg 34 of a million in NYC without power Sandy,Casualties and damage,amommyinthecity,,New York City,"City of New York, New York, United States",New York,"40.7127281,-74.0060152",40.7127281,-74.0060152
227175171,False,finalized,3,11232012 133800,0,Infrastructure building bridge road etc damage,10,Subway,Informative Indirect,,,MTA chairman There are 7 subway tunnels that connect Manhattan to Brooklyn  Queens all 7 are flooded nyc Sandy fb,RT kerstinshamberg MTA chairman There are 7 subway tunnels that connect Manhattan to Brooklyn  Queens all 7 are flooded nyc Sandy fb,Casualties and damage,andyjoriginal,,Nan,Nan,Nan,Nan,Nan,
227175172,False,finalized,4,11232012 151659,0,Not specified maybe people or infrastructure,7257,Nan,Informative Indirect,,,Mayor Bloomberg calls it storm devastating and perhaps worst in NYC history Sandy,RT MichaelHwrdSaul Mayor Bloomberg calls it storm devastating and perhaps worst in NYC history Sandy,Casualties and damage,antimlopez,,Nan,Nan,Nan,Nan,Nan,
227175173,False,finalized,3,11232012 140345,48,Both people and infrastructure,6818,Without Power,Informative Indirect,,,Sandy kills 48 leaves over 82 million in the dark in US httptcokhMJkUJD,Sandy kills 48 leaves over 82 million in the dark in US httptcokhMJkUJD,Casualties and damage,AnyaObinna,,Nan,Nan,Nan,Nan,Nan,
227175174,False,finalized,3,11232012 025436,0,People injured,6981,Nan,Informative Indirect,,,ALERT At least 168 people stranded in some 59 locations in Manhattan Staten Island Queens Brooklyn Coast Guard tells CNN sandy nyc,RT newsbreaker ALERT At least 168 people stranded in some 59 locations in Manhattan Staten Island Queens Brooklyn Coast Guard tells CNN sandy nyc,Casualties and damage,bethmehring,,Nan,Nan,Nan,Nan,Nan,
227175175,False,finalized,3,11232012 141951,0,Infrastructure building bridge road etc damage,10,Internet Websites,Informative Indirect,,,Hurricane Sandy affecting internet websites httptcoafkiV7Hw edpt20012,Hurricane Sandy affecting internet websites httptcoafkiV7Hw edpt20012,Casualties and damage,Biner05,,Nan,Nan,Nan,Nan,Nan,
227175176,False,finalized,3,11232012 142553,13,Both people and infrastructure,6889,Without Power,Informative Indirect,,,At least 13 US deaths are being blamed on Sandy which has knocked out power to an estimated 52 million people httptcoppZ2PmEm,RT abc7newsBayArea At least 13 US deaths are being blamed on Sandy which has knocked out power to an estimated 52 million people httptcoppZ2PmEm,Casualties and damage,blin90,,Nan,Nan,Nan,Nan,Nan,
227175177,False,finalized,3,11232012 141951,0,Infrastructure building bridge road etc damage,10,Nan,Informative Indirect,,,Mayor Our two biggest challenges going forward will be getting our transit system and power grid up and running Sandy,RT NYCMayorsOffice Mayor Our two biggest challenges going forward will be getting our transit system and power grid up and running Sandy,Casualties and damage,BobbyTrendz,,Nan,Nan,Nan,Nan,Nan,
227175178,False,finalized,3,11232012 142848,10,People dead,10,Nan,Informative Indirect,,,Bloomberg our priority is protecting lives 10 dead in NYC from Sandy,RT xeni Bloomberg our priority is protecting lives 10 dead in NYC from Sandy,Casualties and damage,BoingBoing,,Nan,Nan,Nan,Nan,Nan,
227175179,False,finalized,3,11232012 142400,133,People dead,10,Nan,Informative Indirect,,,Hurricane Sandy 133 confirmed deaths Do you still think its funny Because it breaks my heart httptcoGgjsP8Og,Hurricane Sandy 133 confirmed deaths Do you still think its funny Because it breaks my heart httptcoGgjsP8Og,Casualties and damage,caliiloveee,,Nan,Nan,Nan,Nan,Nan,
227175180,False,finalized,4,11232012 151659,0,Both people and infrastructure,482,Without Power,Informative Indirect,,,Sandy kills 48 millions in the dark httptcoI9GOSOXc via sharethis,Sandy kills 48 millions in the dark httptcoI9GOSOXc via sharethis,Casualties and damage,callface01,,Nan,Nan,Nan,Nan,Nan,
227175181,False,finalized,3,11232012 142400,0,Infrastructure building bridge road etc damage,6462,Home,Informative Indirect,,,On infrastructure aid  recovery in Haiti where hundreds of thousands go homeless after natural disasters httptcocPljLvEy Sandy,RT ponderbop On infrastructure aid  recovery in Haiti where hundreds of thousands go homeless after natural disasters httptcocPljLvEy Sandy,Casualties and damage,Catularity,,Haiti,Ayiti,Département de l'Artibonite,"19.1399952,-72.3570972",19.1399952,-72.3570972
227175183,False,finalized,3,11232012 025246,0,Infrastructure building bridge road etc damage,10,Flooded Park,Informative Indirect,,,MT NYGovCuomo Entrance to Battery Park flooded NYC DOT truck seen submerged httptco90TS0xac Sandy,RT twchurricane MT NYGovCuomo Entrance to Battery Park flooded NYC DOT truck seen submerged httptco90TS0xac Sandy,Casualties and damage,ChrissyCake7,,Battery Park,"Battery Park, Manhattan Community Board 1, Manhattan, New York County, City of New York, New York, 10004, United States",New York,"40.703030749999996,-74.01578792289277",40.703030749999996,-74.01578792289277
227175184,False,finalized,3,11232012 094432,0,Infrastructure building bridge road etc damage,10,Without Power 300000 Customers,Informative Indirect,,,SANDY At least 300000 customers wo power in 7 states New Jersey most outages w over 91500 in the dark CNN,SANDY At least 300000 customers wo power in 7 states New Jersey most outages w over 91500 in the dark CNN,Casualties and damage,CNNkimsegal,,New Jersey,"New Jersey, United States",New Jersey,"40.0757384,-74.4041622",40.0757384,-74.4041622
227175185,False,finalized,3,11232012 142400,5,People dead,10,Nan,Informative Indirect,,,NYPDs public information office reports there have been five stormrelated deaths in NYC httptcoxzTcTLGl Sandy,RT nydailynews NYPDs public information office reports there have been five stormrelated deaths in NYC httptcoxzTcTLGl Sandy,Casualties and damage,colinjones,,Nan,Nan,Nan,Nan,Nan,
227175186,False,finalized,3,11232012 142126,39,People dead,10,Nan,Informative Indirect,,,NonAmericansÃƒÆ’Ã‚Â¤ÃƒÆ’Ã‚Â³ÃƒÆ’Ã‚Â®54 in Haiti 11 in CubaÃƒÆ’Ã‚Â¤ÃƒÆ’Ã‚Â³ÃƒÆ’Ã‚Â®are people too MT nytimes At least 39 people have died due to Hurricane Sandy httptcoRF12OEvu,RT tejucole NonAmericansÃƒÆ’Ã‚Â¤ÃƒÆ’Ã‚Â³ÃƒÆ’Ã‚Â®54 in Haiti 11 in CubaÃƒÆ’Ã‚Â¤ÃƒÆ’Ã‚Â³ÃƒÆ’Ã‚Â®are people too MT nytimes At least 39 people have died due to Hurricane Sandy httptcoRF12OEvu,Casualties and damage,CompromisedNGOs,,Nan,Nan,Nan,Nan,Nan,
227175187,False,finalized,3,11232012 091354,0,Infrastructure building bridge road etc damage,6434,Home,Informative Indirect,,,Sandy left 250000 people homeless in Haiti The country wasnt prepared and now its decimated,RT sabzbrach Sandy left 250000 people homeless in Haiti The country wasnt prepared and now its decimated,Casualties and damage,ConorPDunne,,Haiti,Ayiti,Département de l'Artibonite,"19.1399952,-72.3570972",19.1399952,-72.3570972
227175188,False,finalized,3,11232012 022944,0,Infrastructure building bridge road etc damage,10,Security Council United Nations Complex,Informative Indirect,,,UN Security Council relocates due to storm damage envoys httptcoRQTQPzYV,RT Reuters UN Security Council relocates due to storm damage envoys httptcoRQTQPzYV,Casualties and damage,CrimeTweeters,,New York,"City of New York, New York, United States",New York,"40.7127281,-74.0060152",40.7127281,-74.0060152
227175190,False,finalized,3,11232012 025630,0,Infrastructure building bridge road etc damage,7128,Without Power,Informative Indirect,,,Oh great ÃƒÆ’Ã‚Â¤ÃƒÆ’Ã‚Â³ÃƒÆ’Ã‚Â¬NYTMetro ConEd Number of NYCarea customers without power is about 68700 and is sure to keep rising httptcobfRGmgiVÃƒÆ’Ã‚Â¤ÃƒÆ’Ã‚Â³Ãƒâ€šÃ‚Â,Oh great ÃƒÆ’Ã‚Â¤ÃƒÆ’Ã‚Â³ÃƒÆ’Ã‚Â¬NYTMetro ConEd Number of NYCarea customers without power is about 68700 and is sure to keep rising httptcobfRGmgiVÃƒÆ’Ã‚Â¤ÃƒÆ’Ã‚Â³Ãƒâ€šÃ‚Â,Casualties and damage,CWSSeignious,,Nan,Nan,Nan,Nan,Nan,
227175191,False,finalized,4,11232012 093505,0,Infrastructure building bridge road etc damage,7568,Without Power,Informative Indirect,,,frankenstorm nyc RT queenscourier UPDATE Outages in Queens have reached more than 19000 ConEd customers httptcoIA3Vhf3U Sandy,RT MJalonschi frankenstorm nyc RT queenscourier UPDATE Outages in Queens have reached more than 19000 ConEd customers httptcoIA3Vhf3U Sandy,Casualties and damage,CyMadD0x,,Nan,Nan,Nan,Nan,Nan,
227175192,False,finalized,3,11232012 133127,0,Infrastructure building bridge road etc damage,3529,Without Power,Informative Indirect,,,BreakingNews  81 million now without power in 18 states from Superstorm Sandy,RT ABC7Chicago BreakingNews  81 million now without power in 18 states from Superstorm Sandy,Casualties and damage,cynthiajr00,,Nan,Nan,Nan,Nan,Nan,
227175193,False,finalized,3,11232012 024232,0,Infrastructure building bridge road etc damage,10,Crane,Informative Indirect,,,Hi guys waves back RT TIME NYC firefighters look up at a collapsed crane dangling from a building  httptcodcb9fvRf Sandy,Hi guys waves back RT TIME NYC firefighters look up at a collapsed crane dangling from a building  httptcodcb9fvRf Sandy,Casualties and damage,DanglingCrane,,New York City,"City of New York, New York, United States",New York,"40.7127281,-74.0060152",40.7127281,-74.0060152
227175195,False,finalized,3,11232012 151659,94,People dead,10,Nan,Informative Indirect,,,Total deaths due to superstorm Sandy now at 94 with 26 in the US  details httptcoDdv2x5uM,RT CNN Total deaths due to superstorm Sandy now at 94 with 26 in the US  details httptcoDdv2x5uM,Casualties and damage,DerrickJaxn,,Nan,Nan,Nan,Nan,Nan,
227175196,False,finalized,3,11232012 133800,0,Infrastructure building bridge road etc damage,6885,Without Power,Informative Indirect,,,Between NYCWestchesterLong Island and New Jersey there are 126 million customers without power Sandy,RT SoozOnSports Between NYCWestchesterLong Island and New Jersey there are 126 million customers without power Sandy,Casualties and damage,Dgood73,,Long Island,"Long Island, New York, United States",New York,"40.85149705,-73.0994258107431",40.85149705,-73.0994258107431
227175197,False,finalized,3,11232012 094648,0,Infrastructure building bridge road etc damage,10,Crane,Informative Indirect,,,NYC building had numerous construction complaints before crane collapse  httptco7EDmKOp3 via TIMENewsfeed Sandy,RT TIME NYC building had numerous construction complaints before crane collapse  httptco7EDmKOp3 via TIMENewsfeed Sandy,Casualties and damage,elvislovers,,New York City,"City of New York, New York, United States",New York,"40.7127281,-74.0060152",40.7127281,-74.0060152
227175198,False,finalized,3,11232012 025436,30,People dead,10,Nan,Informative Indirect,,,In the other News Sandy causes at least 30 US deaths httptcosoxAGnfs cnn,In the other News Sandy causes at least 30 US deaths httptcosoxAGnfs cnn,Casualties and damage,Emashoo,,Nan,Nan,Nan,Nan,Nan,
227175199,False,finalized,3,11232012 142553,0,Infrastructure building bridge road etc damage,10,Crane,Informative Indirect,,,Collapsed crane 57th St NYC Sandy httptcoaacHxZYs,RT JasonBiggs Collapsed crane 57th St NYC Sandy httptcoaacHxZYs,Casualties and damage,emmenberg,,New York City,"City of New York, New York, United States",New York,"40.7127281,-74.0060152",40.7127281,-74.0060152
227175200,False,finalized,3,11232012 091519,0,Not specified maybe people or infrastructure,6421,Nan,Informative Indirect,,,NYC Mayor MikeBloomberg on Sandy May be the worst storm we have ever experienced Watch live briefing on httptcoFOkSw980,RT CNNLive NYC Mayor MikeBloomberg on Sandy May be the worst storm we have ever experienced Watch live briefing on httptcoFOkSw980,Casualties and damage,ESPNJorgeRamos,,Nan,Nan,Nan,Nan,Nan,
227175202,False,finalized,3,11232012 135534,0,Not damagerelated,6421,Apple Store,Informative Indirect,,,Apple Store gets sand bagged in the Meatpacking Dristict hurricane sandy nyc httptcomfbG5fzz,RT NewYorkPost Apple Store gets sand bagged in the Meatpacking Dristict hurricane sandy nyc httptcomfbG5fzz,Casualties and damage,faezaauzar,,Meatpacking District,"Meatpacking District, Manhattan, New York County, City of New York, New York, United States",New York,"40.7408029,-74.0080691",40.7408029,-74.0080691
227175203,False,finalized,3,11232012 143849,30,People injured and dead,6806,Nan,Informative Indirect,,,On GEO after 25 mins reporting on 30 causalities in USA by Sandy there was 2 mins report for 25 deaths in Pakistan as well Shahidmasooddr,RT SohaibNehal On GEO after 25 mins reporting on 30 causalities in USA by Sandy there was 2 mins report for 25 deaths in Pakistan as well Shahidmasooddr,Casualties and damage,FahidJaved,,Nan,Nan,Nan,Nan,Nan,
227175205,False,finalized,4,11232012 091354,0,Infrastructure building bridge road etc damage,7488,Without Power Customers,Informative Indirect,,,RT mpoppel BREAKING  About 6200 customers without power in NJ due to Sandy up from 2100 httptco96ZIR3o5,RT AircrewBuzz RT mpoppel BREAKING  About 6200 customers without power in NJ due to Sandy up from 2100 httptco96ZIR3o5,Casualties and damage,FLYCardiff,,New Jersey,"New Jersey, United States",New Jersey,"40.0757384,-74.4041622",40.0757384,-74.4041622
227175206,False,finalized,3,11232012 091744,2,People dead,10,Nan,Informative Indirect,,,Two Children Killed By Fallen Tree During Hurricane Sandy ÃƒÆ’Ã‚Â¤ÃƒÆ’Ã‚Â³ÃƒÆ’Ã‚Â® So Sad httptco7VSqFj7o,Two Children Killed By Fallen Tree During Hurricane Sandy ÃƒÆ’Ã‚Â¤ÃƒÆ’Ã‚Â³ÃƒÆ’Ã‚Â® So Sad httptco7VSqFj7o,Casualties and damage,FolowMeNGetLost,,Nan,Nan,Nan,Nan,Nan,
227175208,False,finalized,3,11232012 093814,0,Infrastructure building bridge road etc damage,10,Several Blocks,Informative Indirect,,,RT AP AP Video In New Jersey Sandy destroyed several blocks of Atlantic Citys worldfamous boardwalk httptcoTErK4JVK RAS,RT AP AP Video In New Jersey Sandy destroyed several blocks of Atlantic Citys worldfamous boardwalk httptcoTErK4JVK RAS,Casualties and damage,gloriousglo,,Atlantic City,"Atlantic City, Atlantic County, New Jersey, 08401, United States",New Jersey,"39.3642852,-74.4229351",39.3642852,-74.4229351
227175209,False,finalized,3,11232012 133800,48,People dead,10,Nan,Informative Indirect,,,48 people confirmed dead so far from Hurricane Sandy hope no more die,48 people confirmed dead so far from Hurricane Sandy hope no more die,Casualties and damage,harveyfancyabum,,Nan,Nan,Nan,Nan,Nan,
227175211,False,finalized,3,11232012 091519,0,Infrastructure building bridge road etc damage,10,47000 Customers Without Power ,Informative Indirect,,,MikeBloomberg 47000 customers have lost power in NYC mainly in Queens and Staten Island Sandy,RT BAHjournalist MikeBloomberg 47000 customers have lost power in NYC mainly in Queens and Staten Island Sandy,Casualties and damage,ItsRemyMa,,New York City,"City of New York, New York, United States",New York,"40.7127281,-74.0060152",40.7127281,-74.0060152
227175212,False,finalized,3,11222012 180359,0,Infrastructure building bridge road etc damage,10,Subway Mass Transit,Informative Indirect,,,NYC mayor press conference now damages to subway  mass transit likely worst in history of system Yet NYC depends on mass transit Sandy,NYC mayor press conference now damages to subway  mass transit likely worst in history of system Yet NYC depends on mass transit Sandy,Casualties and damage,JanetPhD,,New York City,"City of New York, New York, United States",New York,"40.7127281,-74.0060152",40.7127281,-74.0060152
227175213,False,finalized,3,11232012 133127,0,Not damagerelated,6471,Cancer Research,Informative Indirect,,,NYU cancer research lost in Sandy flood will likely set back scientists work by years httptco8ksFdp8v,RT Salon NYU cancer research lost in Sandy flood will likely set back scientists work by years httptco8ksFdp8v,Casualties and damage,Jenntrix,,New York University,"New York University, Great Jones Alley, Manhattan Community Board 2, Manhattan, New York County, City of New York, New York, 10012, United States",New York,"40.72925325,-73.99625393609625",40.72925325,-73.99625393609625
227175214,False,finalized,3,11232012 135534,0,Not damagerelated,6471,Nan,Informative Indirect,,,Blackouts affect 500K as Hurricane Sandy Reach in 1hr the EastCoast  httptcod2DxFlY0 Virginia Main Storm NYC NY NJ Boston,Blackouts affect 500K as Hurricane Sandy Reach in 1hr the EastCoast  httptcod2DxFlY0 Virginia Main Storm NYC NY NJ Boston,Casualties and damage,JoinUs,,Nan,Nan,Nan,Nan,Nan,
227175215,False,finalized,3,11232012 091744,0,Not damagerelated,6761,Nan,Informative Indirect,,,Listened to New York radio this morning Apparently the locations in every Billy Joel and Bruce Springsteen song are flooded Sandy,RT TheFakeNed Listened to New York radio this morning Apparently the locations in every Billy Joel and Bruce Springsteen song are flooded Sandy,Casualties and damage,jonesbrian,,Nan,Nan,Nan,Nan,Nan,
227175217,False,finalized,3,11232012 134722,118,People dead,10,Nan,Informative Indirect,,,At least 50 US deaths now linked to Sandy  among a total of 118 worldwide httptcoW3BSwLBL,RT cnnbrk At least 50 US deaths now linked to Sandy  among a total of 118 worldwide httptcoW3BSwLBL,Casualties and damage,jws6220,,Nan,Nan,Nan,Nan,Nan,
227175218,False,finalized,3,11232012 134722,0,Infrastructure building bridge road etc damage,10,Electrical Cables,Informative Indirect,,,No jumping today kids gt Trampoline hanging on electrical cables Milford Connecticut Sandy httptco9WDbJ0dT,RT AnonymousPress No jumping today kids gt Trampoline hanging on electrical cables Milford Connecticut Sandy httptco9WDbJ0dT,Casualties and damage,KalyndaHaaf,,Milford,"Milford, New Haven County, Connecticut, United States",Connecticut,"41.2222218,-73.0570603",41.2222218,-73.0570603
227175220,False,finalized,3,11232012 094648,0,Infrastructure building bridge road etc damage,10,Boat Tracks Station,Informative Indirect,,,A boat rests on the tracks at NYs MetroNorths Ossining Station on the Hudson Line Photo via MTA Sandy httptcoXYY7ySwC,RT CBSThisMorning A boat rests on the tracks at NYs MetroNorths Ossining Station on the Hudson Line Photo via MTA Sandy httptcoXYY7ySwC,Casualties and damage,kathrynlopez,,Ossining Station,"Ossining, 1, Main Street, Village of Ossining, Town of Ossining, Westchester County, New York, 10562, United States",New York,"41.157521,-73.8691164",41.157521,-73.8691164
227175221,False,finalized,3,11232012 133127,54,People dead,10,Nan,Informative Indirect,,,Sandy More thanor 54 people died USA International crisis Nargis More than 80000 people died Burma No one cares,Sandy More thanor 54 people died USA International crisis Nargis More than 80000 people died Burma No one cares,Casualties and damage,KimIversenFY,,Nan,Nan,Nan,Nan,Nan,
227175222,False,finalized,3,11232012 094903,0,Not damagerelated,6761,Nan,Informative Indirect,,,Times Square in NYC has been abandoned because of hurricane Sandy The lights are still shining though httptcot88apVoO,RT barrabest Times Square in NYC has been abandoned because of hurricane Sandy The lights are still shining though httptcot88apVoO,Casualties and damage,Kirkster555,,Nan,Nan,Nan,Nan,Nan,
227175223,False,finalized,3,11232012 142553,0,Infrastructure building bridge road etc damage,10,Crane,Informative Indirect,,,UPDATE Construction crane collapses in midtown Manhattan as HurricaneSandy roars into NYC httptcoVR4ul19o Sandy,RT nydailynews UPDATE Construction crane collapses in midtown Manhattan as HurricaneSandy roars into NYC httptcoVR4ul19o Sandy,Casualties and damage,KONAhaze,,Manhattan,"Manhattan, New York County, City of New York, New York, United States",New York,"40.7896239,-73.9598939",40.7896239,-73.9598939
227175224,False,finalized,3,11222012 182354,0,Infrastructure building bridge road etc damage,10,Entire Front Building,Informative Indirect,,,Still unbelievable RT RyanNewYork Wow from Hells Kitchen  the entire front of this building fell off httptco1lUZ5lAj nyc sandy,Still unbelievable RT RyanNewYork Wow from Hells Kitchen  the entire front of this building fell off httptco1lUZ5lAj nyc sandy,Casualties and damage,LadyBlueICU,,Hell's Kitchen,"Hell's Kitchen, Manhattan, New York County, City of New York, New York, United States",New York,"40.7644228,-73.9923918",40.7644228,-73.9923918
227175225,False,finalized,3,11232012 025630,0,Infrastructure building bridge road etc damage,6415,Crane,Informative Indirect,,,NYC news anchors and producers watching crane and whispering ÃƒÆ’Ã‚Â¤ÃƒÆ’Ã‚Â³ÃƒÆ’Ã‚Â¬fall fallÃƒÆ’Ã‚Â¤ÃƒÆ’Ã‚Â³Ãƒâ€šÃ‚Â Sandy,NYC news anchors and producers watching crane and whispering ÃƒÆ’Ã‚Â¤ÃƒÆ’Ã‚Â³ÃƒÆ’Ã‚Â¬fall fallÃƒÆ’Ã‚Â¤ÃƒÆ’Ã‚Â³Ãƒâ€šÃ‚Â Sandy,Casualties and damage,Larchmontbroker,,New York City,"City of New York, New York, United States",New York,"40.7127281,-74.0060152",40.7127281,-74.0060152
227175226,False,finalized,3,11232012 031444,1,People dead,10,Nan,Informative Indirect,,,HMS Bounty Crew Member confirmed dead Body Recovered by US Coast Guard sandy httptcoajrF6sC6,HMS Bounty Crew Member confirmed dead Body Recovered by US Coast Guard sandy httptcoajrF6sC6,Casualties and damage,LibertyBelleJ,,Nan,Nan,Nan,Nan,Nan,
227175228,False,finalized,3,11232012 142848,33,People dead,6724,Without Power,Informative Indirect,,,UPDATE At least 33 deaths blamed on Sandy Superstorm Sandy winds down leaving 33 people dead and more than 7 httptco8XXEKkNT,UPDATE At least 33 deaths blamed on Sandy Superstorm Sandy winds down leaving 33 people dead and more than 7 httptco8XXEKkNT,Casualties and damage,lincolnnedaily,,Nan,Nan,Nan,Nan,Nan,
227175229,False,finalized,3,11232012 134722,39,People dead,10,Nan,Informative Indirect,,,Absolutely heartbreaking MTnytimes  least 39 people have died due 2 Hurricane Sandy Here are a few of their storieshttptcojN7NJhbk,Absolutely heartbreaking MTnytimes  least 39 people have died due 2 Hurricane Sandy Here are a few of their storieshttptcojN7NJhbk,Casualties and damage,lishaarino,,Nan,Nan,Nan,Nan,Nan,
227175230,False,finalized,3,11232012 141951,0,Infrastructure building bridge road etc damage,10,Home,Informative Indirect,,,18000 Families Homeless In Haiti After Hurricane Sandy httptcoqxkU8tdH,18000 Families Homeless In Haiti After Hurricane Sandy httptcoqxkU8tdH,Casualties and damage,mantsekev,,Haiti,Ayiti,Département de l'Artibonite,"19.1399952,-72.3570972",19.1399952,-72.3570972
227175231,False,finalized,3,11232012 031913,0,Infrastructure building bridge road etc damage,10,765000 Without Power,Informative Indirect,,,RT cnn More than 765000 power outages so far due to Hurricane Sandy Latest info on CNN TV and our live blog httptcoOkHC8ssW,RT jvelezmitchell RT cnn More than 765000 power outages so far due to Hurricane Sandy Latest info on CNN TV and our live blog httptcoOkHC8ssW,Casualties and damage,mariamccloud,,Nan,Nan,Nan,Nan,Nan,
227175233,False,finalized,3,11232012 031740,0,Infrastructure building bridge road etc damage,6867,Subway Station,Informative Indirect,,,Couple of NYC photos from Reddit showing the effects of Sandy so far  httptcokLeV3Zod NYC Subway Station,Couple of NYC photos from Reddit showing the effects of Sandy so far  httptcokLeV3Zod NYC Subway Station,Casualties and damage,maxwood,,New York City,"City of New York, New York, United States",New York,"40.7127281,-74.0060152",40.7127281,-74.0060152
227175234,False,finalized,3,11232012 094903,0,Not specified maybe people or infrastructure,6761,Nan,Informative Indirect,,,Wow Stay safe east coasters RT ÃƒÆ’Ã‚Â¤ÃƒÆ’Ã‚Â³ÃƒÆ’Ã‚Â¬NZStuff Millions wake to destruction in Sandys aftermath httptcoTzzmMiArÃƒÆ’Ã‚Â¤ÃƒÆ’Ã‚Â³Ãƒâ€šÃ‚Â,Wow Stay safe east coasters RT ÃƒÆ’Ã‚Â¤ÃƒÆ’Ã‚Â³ÃƒÆ’Ã‚Â¬NZStuff Millions wake to destruction in Sandys aftermath httptcoTzzmMiArÃƒÆ’Ã‚Â¤ÃƒÆ’Ã‚Â³Ãƒâ€šÃ‚Â,Casualties and damage,mermaidmoll,,Nan,Nan,Nan,Nan,Nan,
227175235,False,finalized,3,11232012 141145,0,Infrastructure building bridge road etc damage,10,Nan,Informative Indirect,,,Door to our roof was ripped off its hinges Super is already fixing it nyc Sandy httptconIfEPDip,Door to our roof was ripped off its hinges Super is already fixing it nyc Sandy httptconIfEPDip,Casualties and damage,mirseum,,Nan,Nan,Nan,Nan,Nan,
227175236,False,finalized,4,11232012 091354,29,People dead,10,Nan,Informative Indirect,,,Prayers Unthinkable devastation Sandy causes at least 29 US deaths httptco9p4biw5V,RT hollyrpeete Prayers Unthinkable devastation Sandy causes at least 29 US deaths httptco9p4biw5V,Casualties and damage,missclass,,Nan,Nan,Nan,Nan,Nan,
227175237,False,finalized,3,11232012 094030,50,Both people and infrastructure,10,20billion Worth Damage,Informative Indirect,,,Barack Obama to visit New Jersey after Superstorm Sandy kills 50 people and causes 20billion worth of damage httptco6jnSsJFs,RT MetroUK Barack Obama to visit New Jersey after Superstorm Sandy kills 50 people and causes 20billion worth of damage httptco6jnSsJFs,Casualties and damage,mnjoben,,New Jersey,"New Jersey, United States",New Jersey,"40.0757384,-74.4041622",40.0757384,-74.4041622
227175238,False,finalized,3,11232012 135920,0,Not specified maybe people or infrastructure,10,Nan,Informative Indirect,,,TotallyCoolPix The Hurricane Sandy Aftermath She came she saw she destroyed Hurricane Sandy came ashore las httptcoRl978fwW,RT totallycoolpix TotallyCoolPix The Hurricane Sandy Aftermath She came she saw she destroyed Hurricane Sandy came ashore las httptcoRl978fwW,Casualties and damage,MoeiiMaker,,Nan,Nan,Nan,Nan,Nan,
227175240,False,finalized,3,11232012 094903,0,Infrastructure building bridge road etc damage,3614,Subway System ,Informative Indirect,,,Storm was most destructive in 108year history of NYC subway system says MTA chief Lhota httptcoXbvLF31t,RT nytjim Storm was most destructive in 108year history of NYC subway system says MTA chief Lhota httptcoXbvLF31t,Casualties and damage,NataschaDea,,New York City,"City of New York, New York, United States",New York,"40.7127281,-74.0060152",40.7127281,-74.0060152
227175241,False,finalized,3,11232012 141554,0,Infrastructure building bridge road etc damage,6818,Without Power Customers 68700,Informative Indirect,,,ConEd Number of NYCarea customers without power is about 68700 and is sure to keep rising httptcoMXylkmqu,RT NYTMetro ConEd Number of NYCarea customers without power is about 68700 and is sure to keep rising httptcoMXylkmqu,Casualties and damage,NewsalertsVNS,,New York City,"City of New York, New York, United States",New York,"40.7127281,-74.0060152",40.7127281,-74.0060152
227175242,False,finalized,3,11232012 094030,0,Not specified maybe people or infrastructure,6761,Nan,Informative Indirect,,,Sandy moves west leaving devastation deaths in its wake The Atlantic superstorm Sandy churned across Pennsy httptcojB6x2Zxa,Sandy moves west leaving devastation deaths in its wake The Atlantic superstorm Sandy churned across Pennsy httptcojB6x2Zxa,Casualties and damage,newsandtribune,,Nan,Nan,Nan,Nan,Nan,
227175243,False,finalized,3,11232012 140345,0,Not specified maybe people or infrastructure,10,Nan,Informative Indirect,,,NYC Mayor Bloomberg  More than 20 fires spawned by storm Sandy,NYC Mayor Bloomberg  More than 20 fires spawned by storm Sandy,Casualties and damage,NewsRadio930,,Nan,Nan,Nan,Nan,Nan,
227175244,False,finalized,3,11232012 134314,0,Infrastructure building bridge road etc damage,10,Debris Tree,Informative Indirect,,,Mayor Bloomberg Over 1000 reports of downed trees and other problems with debris in NYC Sandy,RT twchurricane Mayor Bloomberg Over 1000 reports of downed trees and other problems with debris in NYC Sandy,Casualties and damage,nicecap,,New York City,"City of New York, New York, United States",New York,"40.7127281,-74.0060152",40.7127281,-74.0060152
227175245,False,finalized,4,11232012 094212,0,Infrastructure building bridge road etc damage,10,47000 Customers Without Power,Informative Indirect,,,Sandy hitting NYC 47000 customers without power in new york city,Sandy hitting NYC 47000 customers without power in new york city,Casualties and damage,nyckennedy,,New York City,"City of New York, New York, United States",New York,"40.7127281,-74.0060152",40.7127281,-74.0060152
227175246,False,finalized,3,11232012 093505,0,Infrastructure building bridge road etc damage,6724,Hospital Research Lost Without Power Evacuating 500 Patients,Informative Indirect,,,More Sandy impact Bellevue NYCs flagship public hospital loses power now evacuating 500 patients hospital says,RT cliffordlevy More Sandy impact Bellevue NYCs flagship public hospital loses power now evacuating 500 patients hospital says,Casualties and damage,NYTMetro,,Bellevue Hospital,"Bellevue Hospital, 16, Windward Road, Manley Meadows, Rollington Town, Kingston, Kingston and Saint Andrew Corporation, Surrey County, Jamaica",Nan,Nan,Nan,
227175247,False,finalized,3,11232012 094903,0,Infrastructure building bridge road etc damage,10,Crane,Informative Indirect,,,Update Crane Collapse developing hurricance nyc sandy httptco0jvimS1s,RT NewYorkPost Update Crane Collapse developing hurricance nyc sandy httptco0jvimS1s,Casualties and damage,o0REL,,New York,"City of New York, New York, United States",New York,"40.7127281,-74.0060152",40.7127281,-74.0060152
227175248,False,finalized,3,11232012 142255,16,People dead,10,Nan,Informative Indirect,,,This says a lot Hurricane Sandys death toll as viewed by the BBC httptcoUPPLzNNY via jackseale,RT medialens This says a lot Hurricane Sandys death toll as viewed by the BBC httptcoUPPLzNNY via jackseale,Casualties and damage,owensm1th,,Nan,Nan,Nan,Nan,Nan,
227175249,False,finalized,3,11232012 091744,66,People dead,10,Nan,Informative Indirect,,,US media When you reports deaths from Sandy also note the 66 confirmed in the Caribbean phase of the storm,US media When you reports deaths from Sandy also note the 66 confirmed in the Caribbean phase of the storm,Casualties and damage,pattigibbons,,Nan,Nan,Nan,Nan,Nan,
227175251,False,finalized,3,11222012 182354,39,People dead,10,Nan,Informative Indirect,,,Checking out US under attack Sandy kills 39 as National Guard mobilized as on 9jabook httptcoJILvYJHQ,Checking out US under attack Sandy kills 39 as National Guard mobilized as on 9jabook httptcoJILvYJHQ,Casualties and damage,pimpmy9jabook,,Nan,Nan,Nan,Nan,Nan,
227175252,False,finalized,3,11232012 142126,39,Both people and infrastructure,10,Without Power 11m Home,Informative Indirect,,,US under attack Sandy kills 39 as National Guard mobilized as power Shutsdown 11m homes in North East America httptcoJILvYJHQ,US under attack Sandy kills 39 as National Guard mobilized as power Shutsdown 11m homes in North East America httptcoJILvYJHQ,Casualties and damage,pimpmy9jabook,,North East America,"Extended Stay America - San Jose - Airport, 55, East Brokaw Road, North San Jose, San Jose, Santa Clara County, California, 95112, United States",California,"37.3751757,-121.91729027092228",37.3751757,-121.91729027092228
227175255,False,finalized,3,11232012 142751,0,Infrastructure building bridge road etc damage,10,Crane,Informative Indirect,,,NYC firefighters look up at a collapsed crane dangling from a building  httptco8abQk4SC Sandy,RT TIME NYC firefighters look up at a collapsed crane dangling from a building  httptco8abQk4SC Sandy,Casualties and damage,Pucemargine,,New York City,"City of New York, New York, United States",New York,"40.7127281,-74.0060152",40.7127281,-74.0060152
227175258,False,finalized,3,11232012 141554,0,Infrastructure building bridge road etc damage,10,Crane,Informative Indirect,,,Stay safe NYC RT WSJNY Crane crumples above One57 ManhattanÃƒÆ’Ã‚Â¤ÃƒÆ’Ã‚Â³Ãƒâ€šÃ‚Â»s glitziest condo Sandy httptcoKVoA7ywr via WSJ,RT newyorkhabitat Stay safe NYC RT WSJNY Crane crumples above One57 ManhattanÃƒÆ’Ã‚Â¤ÃƒÆ’Ã‚Â³Ãƒâ€šÃ‚Â»s glitziest condo Sandy httptcoKVoA7ywr via WSJ,Casualties and damage,RobertaKLEEDAP,,One57 Manhattan,"One57, West 57th Street, Manhattan Community Board 5, Manhattan, New York County, City of New York, New York, 10019, United States",New York,"40.76547975,-73.97910381713285",40.76547975,-73.97910381713285
227175259,False,finalized,3,11232012 142848,50,Both people and infrastructure,10,Without Power ,Informative Indirect,,,At least 50 people died in the US during Hurricane Sandy Power out to hundreds of thousands Schools still closed,At least 50 people died in the US during Hurricane Sandy Power out to hundreds of thousands Schools still closed,Casualties and damage,ROCK977,,Nan,Nan,Nan,Nan,Nan,
227175260,False,finalized,3,11232012 134722,0,Infrastructure building bridge road etc damage,6818,Nuke Plants,Informative Indirect,,,Problems at Five Nuke Plants httptcoDtceY4pS,Problems at Five Nuke Plants httptcoDtceY4pS,Casualties and damage,safetyskeptic,,Nan,Nan,Nan,Nan,Nan,
227175261,False,finalized,3,11232012 025630,0,Infrastructure building bridge road etc damage,10,Crane,Informative Indirect,,,Stay safe NYC RT WSJNY Crane crumples above One57 ManhattanÃƒÆ’Ã‚Â¤ÃƒÆ’Ã‚Â³Ãƒâ€šÃ‚Â»s glitziest condo Sandy httptcoQWTQ4FtZ via WSJ,RT NewYorkHabitat Stay safe NYC RT WSJNY Crane crumples above One57 ManhattanÃƒÆ’Ã‚Â¤ÃƒÆ’Ã‚Â³Ãƒâ€šÃ‚Â»s glitziest condo Sandy httptcoQWTQ4FtZ via WSJ,Casualties and damage,samwittty13,,One57 Manhattan,"One57, West 57th Street, Manhattan Community Board 5, Manhattan, New York County, City of New York, New York, 10019, United States",New York,"40.76547975,-73.97910381713285",40.76547975,-73.97910381713285
227175262,False,finalized,3,11232012 141951,0,Infrastructure building bridge road etc damage,6818,Nan,Informative Indirect,,,nydailynews Sandy swamps Lower Manhattan with massive surge httptco1L2mcYYu nyc,RT FeedNYC nydailynews Sandy swamps Lower Manhattan with massive surge httptco1L2mcYYu nyc,Casualties and damage,SanDiegoNYorker,,Nan,Nan,Nan,Nan,Nan,
227175263,False,finalized,3,11232012 094212,33,People dead,10,Nan,Informative Indirect,,,At least 33 people in eight states were confirmed dead from Sandy including 16 people in New York City httptco1U1mjErO via WSJ,RT WSJNY At least 33 people in eight states were confirmed dead from Sandy including 16 people in New York City httptco1U1mjErO via WSJ,Casualties and damage,Shamo5hNJ,,Nan,Nan,Nan,Nan,Nan,
227175264,False,finalized,3,11232012 142126,0,Infrastructure building bridge road etc damage,10,Without Power,Informative Indirect,,,70000 still without power in Ontario after Sandy  Most to be reconnected within 24 hours Ont energy minister,RT CBCAlerts 70000 still without power in Ontario after Sandy  Most to be reconnected within 24 hours Ont energy minister,Casualties and damage,SheilaColesCBC,,Ontario,"Ontario, Canada",Ontario,"50.000678,-86.000977",50.000678,-86.000977
227175266,False,finalized,3,11232012 031913,10,People dead,10,Nan,Informative Indirect,,,ÃƒÆ’Ã‚Â¤ÃƒÆ’Ã‚Â³ÃƒÆ’Ã‚Â¬cnnbrk Bloomberg Storm killed 10 in NYC CNN US toll from Sandy at least 21 httptco5i8o9c1iÃƒÆ’Ã‚Â¤ÃƒÆ’Ã‚Â³Ãƒâ€šÃ‚Â eyeSJU sandy,RT demixo13 ÃƒÆ’Ã‚Â¤ÃƒÆ’Ã‚Â³ÃƒÆ’Ã‚Â¬cnnbrk Bloomberg Storm killed 10 in NYC CNN US toll from Sandy at least 21 httptco5i8o9c1iÃƒÆ’Ã‚Â¤ÃƒÆ’Ã‚Â³Ãƒâ€šÃ‚Â eyeSJU sandy,Casualties and damage,sjuhawknews,,Nan,Nan,Nan,Nan,Nan,
227175267,False,finalized,3,11232012 134314,0,Infrastructure building bridge road etc damage,10,Beachfront Home,Informative Indirect,,,Stormbattered US sifts through SandyÃƒÆ’Ã‚Â¤ÃƒÆ’Ã‚Â³Ãƒâ€šÃ‚Â»s wreckage Peter Andrews removes belongings from his fatherÃƒÆ’Ã‚Â¤ÃƒÆ’Ã‚Â³Ãƒâ€šÃ‚Â»s beachfront home destroyed in th,Stormbattered US sifts through SandyÃƒÆ’Ã‚Â¤ÃƒÆ’Ã‚Â³Ãƒâ€šÃ‚Â»s wreckage Peter Andrews removes belongings from his fatherÃƒÆ’Ã‚Â¤ÃƒÆ’Ã‚Â³Ãƒâ€šÃ‚Â»s beachfront home destroyed in th,Casualties and damage,sohaibkhan,,Nan,Nan,Nan,Nan,Nan,
227175268,False,finalized,3,11232012 094432,0,Not damagerelated,3455,Nan,Informative Indirect,,,Photo Astoria seems more or less unscathed Ditmars nyc sandy aftermath httptcoWnQQvpYK,Photo Astoria seems more or less unscathed Ditmars nyc sandy aftermath httptcoWnQQvpYK,Casualties and damage,spitzmud,,Nan,Nan,Nan,Nan,Nan,
227175269,False,finalized,3,11232012 093814,0,Infrastructure building bridge road etc damage,10,Crane  ,Informative Indirect,,,SMH  RT CBSNews Crane dangles from NYC highrise as Hurricane Sandy bears down on city httptco3UbIIicH,SMH  RT CBSNews Crane dangles from NYC highrise as Hurricane Sandy bears down on city httptco3UbIIicH,Casualties and damage,StaceDiva,,New York City,"City of New York, New York, United States",New York,"40.7127281,-74.0060152",40.7127281,-74.0060152
227175270,False,finalized,3,11232012 141145,52,Both people and infrastructure,10,200000 Home,Informative Indirect,,,sandy 200000 homeless in Haiti and 52 dead httptcowMrBLWLT  But Mail reports no cellphone coverage in New York httptcohJzbcNWr,RT paullewismoney sandy 200000 homeless in Haiti and 52 dead httptcowMrBLWLT  But Mail reports no cellphone coverage in New York httptcohJzbcNWr,Casualties and damage,StevieOddsocks,,Haiti,Ayiti,Département de l'Artibonite,"19.1399952,-72.3570972",19.1399952,-72.3570972
227175271,False,finalized,3,11232012 142751,69,People dead,6724,Nan,Informative Indirect,,,Sandy Toll Hits 69 in Carribean httptcoMlFfKOWr democracynow,Sandy Toll Hits 69 in Carribean httptcoMlFfKOWr democracynow,Casualties and damage,Stwallace23,,Nan,Nan,Nan,Nan,Nan,
227175272,False,finalized,3,11232012 094648,0,Infrastructure building bridge road etc damage,6421,10 Billion Insured Losses,Informative Indirect,,,Hurricane Sandy is expected to cause up to 10 billion in insured losses Details httptcoDdBTMYtb,Hurricane Sandy is expected to cause up to 10 billion in insured losses Details httptcoDdBTMYtb,Casualties and damage,TarekHabal,,Nan,Nan,Nan,Nan,Nan,
227175273,False,finalized,3,11232012 025824,0,Infrastructure building bridge road etc damage,10,Crops Subway,Informative Indirect,,,Yes but my subway is delayed 4 days RT olavkjorven Sandy destroyed 70 per cent of the crops in southern Haiti httptcohk1bG7FC,RT cblatts Yes but my subway is delayed 4 days RT olavkjorven Sandy destroyed 70 per cent of the crops in southern Haiti httptcohk1bG7FC,Casualties and damage,theolugirl,,Haiti,Ayiti,Département de l'Artibonite,"19.1399952,-72.3570972",19.1399952,-72.3570972
227175274,False,finalized,3,11232012 142751,50,People dead,10,Nan,Informative Indirect,,,FIFTY DEADand its NOT over Obamas grim warning as he prepares to visit scenes of hurricane major disaster  httptcozrqpgERI,FIFTY DEADand its NOT over Obamas grim warning as he prepares to visit scenes of hurricane major disaster  httptcozrqpgERI,Casualties and damage,therealnickmack,,Nan,Nan,Nan,Nan,Nan,
227175275,False,finalized,3,11232012 142848,0,Infrastructure building bridge road etc damage,10,Crane,Informative Indirect,,,ÃƒÆ’Ã‚Â¤ÃƒÆ’Ã‚Â³ÃƒÆ’Ã‚Â¬RT TIME NYC firefighters look up at a collapsed crane dangling from a building  httptcoxyMHrTYh SandyÃƒÆ’Ã‚Â¤ÃƒÆ’Ã‚Â³Ãƒâ€šÃ‚Â,ÃƒÆ’Ã‚Â¤ÃƒÆ’Ã‚Â³ÃƒÆ’Ã‚Â¬RT TIME NYC firefighters look up at a collapsed crane dangling from a building  httptcoxyMHrTYh SandyÃƒÆ’Ã‚Â¤ÃƒÆ’Ã‚Â³Ãƒâ€šÃ‚Â,Casualties and damage,theresamax,,New York City,"City of New York, New York, United States",New York,"40.7127281,-74.0060152",40.7127281,-74.0060152
227175277,False,finalized,3,11222012 181845,0,Not specified maybe people or infrastructure,3538,Nan,Informative Indirect,,,Monster storm Sandy leaves New York eastern US crippled httptcoZnpXnDAc,Monster storm Sandy leaves New York eastern US crippled httptcoZnpXnDAc,Casualties and damage,Ubutu44,,Nan,Nan,Nan,Nan,Nan,
227175278,False,finalized,4,11232012 094212,2,People dead,7642,Nan,Informative Indirect,,,Two people found dead in Brooklyn Tuesday morning crushed by giant trees httptcompw3UxvJ Sandy,RT nydailynews Two people found dead in Brooklyn Tuesday morning crushed by giant trees httptcompw3UxvJ Sandy,Casualties and damage,ULickISquiiirt,,Nan,Nan,Nan,Nan,Nan,
227175279,False,finalized,3,11232012 142848,0,Not damagerelated,6724,Hospital Research Lost,Informative Indirect,,,RT danengber Thousands of lab mice drowned at NYU hospital years of research lost httptcovacIpzQc,RT Slate RT danengber Thousands of lab mice drowned at NYU hospital years of research lost httptcovacIpzQc,Casualties and damage,VandelaySalesUS,,New York University,"New York University, Great Jones Alley, Manhattan Community Board 2, Manhattan, New York County, City of New York, New York, 10012, United States",New York,"40.72925325,-73.99625393609625",40.72925325,-73.99625393609625
227175280,False,finalized,3,11232012 142848,0,Infrastructure building bridge road etc damage,10,Crane,Informative Indirect,,,Mayor stated that all cranes had been secured but a crane dangles from NYC highrise as Sandy bears down on NYC Yikes httptco8BFwgo4q,Mayor stated that all cranes had been secured but a crane dangles from NYC highrise as Sandy bears down on NYC Yikes httptco8BFwgo4q,Casualties and damage,VirtualAshok,,New York City,"City of New York, New York, United States",New York,"40.7127281,-74.0060152",40.7127281,-74.0060152
227175281,False,finalized,3,11232012 140712,0,Infrastructure building bridge road etc damage,10,Collapsed Boardwalk,Informative Indirect,,,Via BBCs helenamerriman in NewJersey Crowd gathered at collapsed boardwalk in AtlanticCity all look up as AF1 flew overhead sandy,RT BBCNewsUS Via BBCs helenamerriman in NewJersey Crowd gathered at collapsed boardwalk in AtlanticCity all look up as AF1 flew overhead sandy,Casualties and damage,WJA99,,Atlantic City,"Atlantic City, Atlantic County, New Jersey, 08401, United States",New Jersey,"39.3642852,-74.4229351",39.3642852,-74.4229351
227175282,False,finalized,4,11232012 025630,0,Not damagerelated,4956,Without Power,Informative Indirect,,,NY had one of the highest surge values on the east coast becuase of shallow part of continental shelf Mike Tidwell on democracynow Sandy,NY had one of the highest surge values on the east coast becuase of shallow part of continental shelf Mike Tidwell on democracynow Sandy,Casualties and damage,wmnfnews,,Nan,Nan,Nan,Nan,Nan,
227175283,False,finalized,3,11232012 025436,0,Not damagerelated,6365,Nan,Informative Indirect,,,Burich Hashem RT WSJweather No fatalities in Sandy so far in NYC,Burich Hashem RT WSJweather No fatalities in Sandy so far in NYC,Casualties and damage,YoelyNews,,Nan,Nan,Nan,Nan,Nan,
227175284,False,finalized,3,11232012 142848,0,Infrastructure building bridge road etc damage,10,Crane,Informative Indirect,,,Crane collapses near Carnegie Hall Photo ht daveevansabc7 SandyABC7 Sandy httptcoWPnpMoxh,RT DianeSawyer Crane collapses near Carnegie Hall Photo ht daveevansabc7 SandyABC7 Sandy httptcoWPnpMoxh,Casualties and damage,ZachSoltero,,Nan,Nan,Nan,Nan,Nan,
227175127,True,golden,3,11232012 151659,2,People dead,10,Nan,Informative Direct or Indirect,2 1 1 1 5,People dead,2 deaths in New Jersey 1 in Connecticut 1 in West Virginia 1 off NC coast in addition to 5 deaths in NY because of Sandy,RT GoogleFacts 2 deaths in New Jersey 1 in Connecticut 1 in West Virginia 1 off NC coast in addition to 5 deaths in NY because of Sandy,Casualties and damage,hassanio,Nan,New Jersey,"New Jersey, United States",New Jersey,"40.0757384,-74.4041622",40.0757384,-74.4041622
227175127,True,golden,3,11232012 151659,1,People dead,10,Nan,Informative Direct or Indirect,2 1 1 1 5,People dead,2 deaths in New Jersey 1 in Connecticut 1 in West Virginia 1 off NC coast in addition to 5 deaths in NY because of Sandy,RT GoogleFacts 2 deaths in New Jersey 1 in Connecticut 1 in West Virginia 1 off NC coast in addition to 5 deaths in NY because of Sandy,Casualties and damage,hassanio,Nan,Connecticut,"Connecticut, United States",Connecticut,"41.6500201,-72.7342163",41.6500201,-72.7342163
227175127,True,golden,3,11232012 151659,1,People dead,10,Nan,Informative Direct or Indirect,2 1 1 1 5,People dead,2 deaths in New Jersey 1 in Connecticut 1 in West Virginia 1 off NC coast in addition to 5 deaths in NY because of Sandy,RT GoogleFacts 2 deaths in New Jersey 1 in Connecticut 1 in West Virginia 1 off NC coast in addition to 5 deaths in NY because of Sandy,Casualties and damage,hassanio,Nan,West Virginia,"West Virginia, United States",West Virginia,"38.4758406,-80.8408415",38.4758406,-80.8408415
227175127,True,golden,3,11232012 151659,1,People dead,10,Nan,Informative Direct or Indirect,2 1 1 1 5,People dead,2 deaths in New Jersey 1 in Connecticut 1 in West Virginia 1 off NC coast in addition to 5 deaths in NY because of Sandy,RT GoogleFacts 2 deaths in New Jersey 1 in Connecticut 1 in West Virginia 1 off NC coast in addition to 5 deaths in NY because of Sandy,Casualties and damage,hassanio,Nan,North Carolina,"North Carolina, United States",North Carolina,"35.6729639,-79.0392919",35.6729639,-79.0392919
227175127,True,golden,3,11232012 151659,5,People dead,10,Nan,Informative Direct or Indirect,2 1 1 1 5,People dead,2 deaths in New Jersey 1 in Connecticut 1 in West Virginia 1 off NC coast in addition to 5 deaths in NY because of Sandy,RT GoogleFacts 2 deaths in New Jersey 1 in Connecticut 1 in West Virginia 1 off NC coast in addition to 5 deaths in NY because of Sandy,Casualties and damage,hassanio,Nan,New York,"City of New York, New York, United States",New York,"40.7127281,-74.0060152",40.7127281,-74.0060152
227175256,False,Finalized,3,11232012 091744,54,People dead,6806,Nan,Informative Indirect,Nan,Nan,Sandy In Haiti 54 confirmed deaths were reported 20 injured and 20 missing httptcoKbe1Jp7o cc pahodisasters,RT pahowho Sandy In Haiti 54 confirmed deaths were reported 20 injured and 20 missing httptcoKbe1Jp7o cc pahodisasterse,Casualties and damage,RealityRadioTT,Nan,Haiti,Ayiti,Département de l'Artibonite,"19.1399952,-72.3570972",19.1399952,-72.3570972
227175256,False,Finalized,3,11232012 091744,20,People injured,6806,Nan,Informative Indirect,Nan,Nan,Sandy In Haiti 54 confirmed deaths were reported 20 injured and 20 missing httptcoKbe1Jp7o cc pahodisasters,RT pahowho Sandy In Haiti 54 confirmed deaths were reported 20 injured and 20 missing httptcoKbe1Jp7o cc pahodisasterse,Casualties and damage,RealityRadioTT,Nan,Haiti,Ayiti,Département de l'Artibonite,"19.1399952,-72.3570972",19.1399952,-72.3570972
227175256,False,Finalized,3,11232012 091744,20,People missing,6806,Nan,Informative Indirect,Nan,Nan,Sandy In Haiti 54 confirmed deaths were reported 20 injured and 20 missing httptcoKbe1Jp7o cc pahodisasters,RT pahowho Sandy In Haiti 54 confirmed deaths were reported 20 injured and 20 missing httptcoKbe1Jp7o cc pahodisasterse,Casualties and damage,RealityRadioTT,Nan,Haiti,Ayiti,Département de l'Artibonite,"19.1399952,-72.3570972",19.1399952,-72.3570972
227175139,False,golden,4,11222012 181650,69,People dead,10,Nan,Informative Direct or Indirect,69 15 3 69 People In The Caribbean 15 People 69 People In The Caribbean 15 People In NY  3 People In NJ People injured and dead 87 people,People dead,Sandy Killed 69 People In The Caribbean  15 People In NY   3 People In NJ    RT To Show Respect ,RT JerseyHead Sandy Killed 69 People In The Caribbean  15 People In NY   3 People In NJ    RT To Show Respect ,Casualties and damage,Shaunatoodope,Sandy Killed The Caribbean,Caraibi,"Nederlandse Cariben, Curaçao, Nederland",Nan,"12.1845,-68.6607922625",12.1845,-68.6607922625
227175139,False,golden,4,11222012 181650,15,People dead,10,Nan,Informative Direct or Indirect,69 15 3 69 People In The Caribbean 15 People 69 People In The Caribbean 15 People In NY  3 People In NJ People injured and dead 87 people,People dead,Sandy Killed 69 People In The Caribbean  15 People In NY   3 People In NJ    RT To Show Respect ,RT JerseyHead Sandy Killed 69 People In The Caribbean  15 People In NY   3 People In NJ    RT To Show Respect ,Casualties and damage,Shaunatoodope,Sandy Killed The Caribbean,New York,"City of New York, New York, United States",New York,"40.7127281,-74.0060152",40.7127281,-74.0060152
227175139,False,golden,4,11222012 181650,3,People dead,10,Nan,Informative Direct or Indirect,69 15 3 69 People In The Caribbean 15 People 69 People In The Caribbean 15 People In NY  3 People In NJ People injured and dead 87 people,People dead,Sandy Killed 69 People In The Caribbean  15 People In NY   3 People In NJ    RT To Show Respect ,RT JerseyHead Sandy Killed 69 People In The Caribbean  15 People In NY   3 People In NJ    RT To Show Respect ,Casualties and damage,Shaunatoodope,Sandy Killed The Caribbean,New Jersey,"New Jersey, United States",New Jersey,"40.0757384,-74.4041622",40.0757384,-74.4041622
227175276,False,finalized,3,11232012 142255,69,People dead,10,Nan,Informative Indirect,Nan,Nan,Sandy Killed 69 People In The Caribbean  15 People In NY   3 People In NJ    RT To Show Respect ,RT CallMeChelley Sandy Killed 69 People In The Caribbean  15 People In NY   3 People In NJ    RT To Show Respect ,Casualties and damage,TjM0Xx232,Nan,Caraibi,"Nederlandse Cariben, Curaçao, Nederland",Nan,"12.1845,-68.6607922625",12.1845,-68.6607922625
227175276,False,finalized,3,11232012 142255,15,People dead,10,Nan,Informative Indirect,Nan,Nan,Sandy Killed 69 People In The Caribbean  15 People In NY   3 People In NJ    RT To Show Respect ,RT CallMeChelley Sandy Killed 69 People In The Caribbean  15 People In NY   3 People In NJ    RT To Show Respect ,Casualties and damage,TjM0Xx232,Nan,New York,"City of New York, New York, United States",New York,"40.7127281,-74.0060152",40.7127281,-74.0060152
227175276,False,finalized,3,11232012 142255,3,People dead,10,Nan,Informative Indirect,Nan,Nan,Sandy Killed 69 People In The Caribbean  15 People In NY   3 People In NJ    RT To Show Respect ,RT CallMeChelley Sandy Killed 69 People In The Caribbean  15 People In NY   3 People In NJ    RT To Show Respect ,Casualties and damage,TjM0Xx232,Nan,New Jersey,"New Jersey, United States",New Jersey,"40.0757384,-74.4041622",40.0757384,-74.4041622
227175141,True,golden,11,11232012 131334,0,Infrastructure building bridge road etc damage,7398,Home,Informative Direct or Indirect,,Infrastructure building bridge road etc damage Both people and infrastructure,Hurricane Sandy has done some serious damage in the NYNJ area Peoples homes are on state highways,Hurricane Sandy has done some serious damage in the NYNJ area Peoples homes are on state highways,Casualties and damage,tGViNSaNiTy,homes Peoples homes are on state highways home,New York,"City of New York, New York, United States",New York,"40.7127281,-74.0060152",40.7127281,-74.0060152
227175141,True,golden,11,11232012 131334,0,Infrastructure building bridge road etc damage,7398,Home,Informative Direct or Indirect,,Infrastructure building bridge road etc damage Both people and infrastructure,Hurricane Sandy has done some serious damage in the NYNJ area Peoples homes are on state highways,Hurricane Sandy has done some serious damage in the NYNJ area Peoples homes are on state highways,Casualties and damage,tGViNSaNiTy,homes Peoples homes are on state highways home,New Jersey,"New Jersey, United States",New Jersey,"40.0757384,-74.4041622",40.0757384,-74.4041622
227175147,False,finalized,4,11232012 151659,0,Infrastructure building bridge road etc damage,10,Crane And Hotel Collapse,Informative Direct,,,bldgs on 56  57th st bet 6  7th aves evacuated due to crane collapseinc hotel Staging area set up by police  fire sandy nyc,RT RickSanchezTV bldgs on 56  57th st bet 6  7th aves evacuated due to crane collapseinc hotel Staging area set up by police  fire sandy nyc,Casualties and damage,claudiazl,,57th Street,"57th Street, 6th Avenue, Manhattan Community Board 5, Manhattan, New York County, City of New York, New York, 10019, United States",New York,"40.763972,-73.97745",40.763972,-73.97745
227175147,False,finalized,4,11232012 151659,0,Infrastructure building bridge road etc damage,10,Crane And Hotel Collapse,Informative Direct,,,bldgs on 56  57th st bet 6  7th aves evacuated due to crane collapseinc hotel Staging area set up by police  fire sandy nyc,RT RickSanchezTV bldgs on 56  57th st bet 6  7th aves evacuated due to crane collapseinc hotel Staging area set up by police  fire sandy nyc,Casualties and damage,claudiazl,,7th Street,"7th Street, Charlotte Rail Trail, First Ward, Uptown, Charlotte, Mecklenburg County, North Carolina, 28202, United States",North Carolina,"35.2272847,-80.8382233",35.2272847,-80.8382233
227175201,False,finalized,3,11232012 135534,0,Infrastructure building bridge road etc damage,10,Crane,Informative Indirect,,,Tripping off that huge crane that NYPD says they may have to let fall on 57th and 7th Ave No way they can secure it from sandy,RT mrdaveyd Tripping off that huge crane that NYPD says they may have to let fall on 57th and 7th Ave No way they can secure it from sandy,Casualties and damage,exileinflyville,,57th Street,"57th Street, 6th Avenue, Manhattan Community Board 5, Manhattan, New York County, City of New York, New York, 10019, United States",New York,"40.763972,-73.97745",40.763972,-73.97745
227175201,False,finalized,3,11232012 135534,0,Infrastructure building bridge road etc damage,10,Crane,Informative Indirect,,,Tripping off that huge crane that NYPD says they may have to let fall on 57th and 7th Ave No way they can secure it from sandy,RT mrdaveyd Tripping off that huge crane that NYPD says they may have to let fall on 57th and 7th Ave No way they can secure it from sandy,Casualties and damage,exileinflyville,,7th Street,"7th Street, Charlotte Rail Trail, First Ward, Uptown, Charlotte, Mecklenburg County, North Carolina, 28202, United States",North Carolina,"35.2272847,-80.8382233",35.2272847,-80.8382233
227175216,False,finalized,3,11232012 094432,0,Not damagerelated,6729,Without Power,Informative Indirect,,,This isunreal Essentially the only building with power in NYC right now is the Empire State Building Sandy httptcoScVhG8qH,RT JustinKing224 This isunreal Essentially the only building with power in NYC right now is the Empire State Building Sandy httptcoScVhG8qH,Casualties and damage,jwaite89,,East Coast America,"Bank of America, 21, Palm Coast Parkway East, Palm Coast, Flagler County, Florida, 32164, United States",Florida,"29.5500018,-81.2358348782367",29.5500018,-81.2358348782367
227175216,False,finalized,3,11232012 094432,0,Not damagerelated,6729,Without Power,Informative Indirect,,,This isunreal Essentially the only building with power in NYC right now is the Empire State Building Sandy httptcoScVhG8qH,RT JustinKing224 This isunreal Essentially the only building with power in NYC right now is the Empire State Building Sandy httptcoScVhG8qH,Casualties and damage,jwaite89,,Virginia,"Virginia, United States",Virginia,"37.1232245,-78.4927721",37.1232245,-78.4927721
227175216,False,finalized,3,11232012 094432,0,Not damagerelated,6729,Without Power,Informative Indirect,,,This isunreal Essentially the only building with power in NYC right now is the Empire State Building Sandy httptcoScVhG8qH,RT JustinKing224 This isunreal Essentially the only building with power in NYC right now is the Empire State Building Sandy httptcoScVhG8qH,Casualties and damage,jwaite89,,New York,"City of New York, New York, United States",New York,"40.7127281,-74.0060152",40.7127281,-74.0060152
227175216,False,finalized,3,11232012 094432,0,Not damagerelated,6729,Without Power,Informative Indirect,,,This isunreal Essentially the only building with power in NYC right now is the Empire State Building Sandy httptcoScVhG8qH,RT JustinKing224 This isunreal Essentially the only building with power in NYC right now is the Empire State Building Sandy httptcoScVhG8qH,Casualties and damage,jwaite89,,New Jersey,"New Jersey, United States",New Jersey,"40.0757384,-74.4041622",40.0757384,-74.4041622
227175216,False,finalized,3,11232012 094432,0,Not damagerelated,6729,Without Power,Informative Indirect,,,This isunreal Essentially the only building with power in NYC right now is the Empire State Building Sandy httptcoScVhG8qH,RT JustinKing224 This isunreal Essentially the only building with power in NYC right now is the Empire State Building Sandy httptcoScVhG8qH,Casualties and damage,jwaite89,,Boston,"Boston, Suffolk County, Massachusetts, United States",Massachusetts,"42.3554334,-71.060511",42.3554334,-71.060511
227175257,False,finalized,3,11232012 140712,0,Infrastructure building bridge road etc damage,10,Without Power,Informative Indirect,,,ÃƒÆ’Ã‚Â¤ÃƒÆ’Ã‚Â³ÃƒÆ’Ã‚Â¬naugusta NYC Mayor Bloomberg says most without power in Queens and Staten Island SandyÃƒÆ’Ã‚Â¤ÃƒÆ’Ã‚Â³Ãƒâ€šÃ‚ÂÃƒÆ’Ã‚Â¤ÃƒÆ’Ã‚Â³Ãƒâ€šÃ‚Â statenisland nyc sandyabc7,ÃƒÆ’Ã‚Â¤ÃƒÆ’Ã‚Â³ÃƒÆ’Ã‚Â¬naugusta NYC Mayor Bloomberg says most without power in Queens and Staten Island SandyÃƒÆ’Ã‚Â¤ÃƒÆ’Ã‚Â³Ãƒâ€šÃ‚ÂÃƒÆ’Ã‚Â¤ÃƒÆ’Ã‚Â³Ãƒâ€šÃ‚Â statenisland nyc sandyabc7,Casualties and damage,RichieBrienza,,Queens,"Queens, City of New York, New York, United States",New York,"40.7135078,-73.8283132",40.7135078,-73.8283132
227175257,False,finalized,3,11232012 140712,0,Infrastructure building bridge road etc damage,10,Without Power,Informative Indirect,,,ÃƒÆ’Ã‚Â¤ÃƒÆ’Ã‚Â³ÃƒÆ’Ã‚Â¬naugusta NYC Mayor Bloomberg says most without power in Queens and Staten Island SandyÃƒÆ’Ã‚Â¤ÃƒÆ’Ã‚Â³Ãƒâ€šÃ‚ÂÃƒÆ’Ã‚Â¤ÃƒÆ’Ã‚Â³Ãƒâ€šÃ‚Â statenisland nyc sandyabc7,ÃƒÆ’Ã‚Â¤ÃƒÆ’Ã‚Â³ÃƒÆ’Ã‚Â¬naugusta NYC Mayor Bloomberg says most without power in Queens and Staten Island SandyÃƒÆ’Ã‚Â¤ÃƒÆ’Ã‚Â³Ãƒâ€šÃ‚ÂÃƒÆ’Ã‚Â¤ÃƒÆ’Ã‚Â³Ãƒâ€šÃ‚Â statenisland nyc sandyabc7,Casualties and damage,RichieBrienza,,Staten Island,"Staten Island, City of New York, New York, United States",New York,"40.5834557,-74.1496048",40.5834557,-74.1496048
227175265,False,finalized,3,11222012 182354,0,Infrastructure building bridge road etc damage,10,7 Subway,Informative Indirect,,,MTA chairman There are 7 subway tunnels that connect Manhattan to Brooklyn  Queens those 7 are flooded nyc Sandy,RT kerstinshamberg MTA chairman There are 7 subway tunnels that connect Manhattan to Brooklyn  Queens those 7 are flooded nyc Sandy,Casualties and damage,ShyStranger,,Manhattan,"Manhattan, New York County, City of New York, New York, United States",New York,"40.7896239,-73.9598939",40.7896239,-73.9598939
227175265,False,finalized,3,11222012 182354,0,Infrastructure building bridge road etc damage,10,7 Subway,Informative Indirect,,,MTA chairman There are 7 subway tunnels that connect Manhattan to Brooklyn  Queens those 7 are flooded nyc Sandy,RT kerstinshamberg MTA chairman There are 7 subway tunnels that connect Manhattan to Brooklyn  Queens those 7 are flooded nyc Sandy,Casualties and damage,ShyStranger,,Brooklyn,"Brooklyn, Kings County, City of New York, New York, United States",New York,"40.6526006,-73.9497211",40.6526006,-73.9497211
227175265,False,finalized,3,11222012 182354,0,Infrastructure building bridge road etc damage,10,7 Subway,Informative Indirect,,,MTA chairman There are 7 subway tunnels that connect Manhattan to Brooklyn  Queens those 7 are flooded nyc Sandy,RT kerstinshamberg MTA chairman There are 7 subway tunnels that connect Manhattan to Brooklyn  Queens those 7 are flooded nyc Sandy,Casualties and damage,ShyStranger,,Queens,"Queens, City of New York, New York, United States",New York,"40.7135078,-73.8283132",40.7135078,-73.8283132
